Job arriving time,# of container,Job elapsed time,Job type
0,1,80,1
32,1,59,1
52,1,45,1
61,1,38,0
117,1,,2
117,1,44,1
152,1,394,1
197,1,41,1
243,1,,2
305,1,667,0
305,1,55,0
320,1,,2
329,1,,2
338,1,41,0
365,1,607,1
414,1,,2
414,1,45,1
414,1,630,0
414,1,137,0
434,1,238,0
446,1,110,1
449,1,412,1
452,1,,2
455,1,181,0
466,1,43,1
533,1,54,0
563,1,,2
608,1,,2
616,1,,2
616,1,44,0
665,1,40,0
681,1,,2
714,1,918,0
826,1,40,1
838,1,32,1
878,1,27,1
914,1,1276,1
966,1,284,1
992,1,92,0
995,1,96,1
995,1,106,0
998,1,118,0
1015,1,,2
1064,1,479,1
1064,1,246,1
1064,1,653,0
1064,1,213,0
1064,1,41,0
1118,10,,2
1118,9,211,0
1167,1,45,1
1188,1,,2
1233,1,45,1
1262,1,,2
1262,1,414,0
1307,1,34,0
1314,1,,2
1380,1,49,1
1418,1,,2
1418,1,32,1
1420,1,,2
1467,1,42,0
1542,1,42,1
1549,1,111,0
1558,34,96,1
1616,1,,2
1660,1,25,1
1698,1,238,1
1707,10,219,1
1715,29,95,1
1797,1,39,1
1867,1,,2
1867,1,,2
1867,1,372,1
1962,1,315,1
1962,1,60,1
1962,1,46,1
1962,1,322,0
2013,1,319,0
2055,1,,2
2062,25,304,1
2118,1,2073,1
2118,1,261,1
2118,1,212,0
2126,10,,2
2126,8,251,1
2126,36,2034,0
2150,1,479,1
2168,1,2473,1
2168,1,716,1
2168,1,51,0
2217,1,,2
2217,20,2423,0
2224,1,214,1
2237,1,36,1
2265,1,164,0
2271,2,161,1
2271,8,155,1
2296,1,32,1
2305,1,39,1
2372,1,104,1
2435,1,58,1
2464,31,137,1
2464,1,46,0
2487,1,228,1
2499,1,34,1
2514,1,37,0
2562,1,47,1
2562,1,157,0
2562,1,40,0
2602,1,,2
2616,1,,2
2748,1,40,0
2754,13,730,0
2763,1,35,0
2783,1,,2
2859,10,,2
2913,1,,2
2913,1,,2
2916,1,494,1
2916,1,91,1
2916,1,90,1
2916,1,36,1
2926,1,3176,1
2967,1,744,1
2967,1,30,1
3065,1,403,1
3120,1,,2
3120,1,2765,1
3120,1,1802,1
3120,1,677,0
3170,1,648,1
3170,1,293,1
3208,1,,2
3218,1,149,1
3268,1,628,1
3268,1,2665,1
3268,1,54,0
3282,1,,2
3321,1,,2
3321,1,1684,1
3376,1,221,1
3376,1,90,1
3384,14,125,1
3384,9,215,0
3431,1,,2
3528,1,,2
3529,1,348,1
3554,1,36,0
3561,1,40,0
3614,1,,2
3624,1,,2
3640,1,49,1
3651,1,649,1
3673,1,45,1
3673,1,41,1
3753,1,,2
3786,1,,2
3801,1,42,1
3822,1,,2
3822,1,206,1
3828,7,205,1
3839,3,346,1
3873,1,,2
3873,1,,2
3873,1,,2
3873,1,62,1
3873,1,44,1
3873,1,233,1
3873,1,62,0
3886,1,528,0
3926,50,213,1
3936,1,,2
3974,1,,2
3974,1,,2
4074,1,457,1
4077,1,379,0
4080,1,348,1
4122,2,210,1
4122,1,40,0
4122,1,40,0
4182,1,38,1
4220,1,968,0
4268,1,288,1
4278,1,,2
4288,20,,2
4370,1,,2
4370,1,297,1
4376,1,,2
4379,2,279,0
4382,1,276,1
4390,38,271,1
4393,30,,2
4436,1,498,1
4467,26,2286,1
4467,1,343,1
4467,1,2318,0
4540,1,29,1
4566,1,,2
4566,1,307,0
4573,1,131,1
4573,9,111,0
4626,10,,2
4626,13,132,1
4815,1,38,1
4833,1,,2
4833,1,109,1
4833,1,66,1
4833,1,56,1
4836,1,58,1
4872,1,60,0
4875,1,48,1
4875,1,45,1
4875,1,40,1
4879,1,3398,1
4897,1,,2
4924,1,,2
4924,1,2190,0
4935,1,34,1
4987,1,33,0
4994,1,27,0
5008,1,109,1
5036,1,32,0
5146,1,32,1
5152,1,,2
5168,1,128,1
5168,1,29,1
5355,1,,2
5355,1,,2
5355,1,130,1
5502,1,35,0
5525,1,34,0
5608,1,241,1
5657,45,207,0
5707,1,699,0
5712,1,,2
5873,1,,2
5873,1,,2
5873,1,,2
5873,1,695,1
5873,1,201,1
5873,1,59,1
5873,1,175,0
5879,49,202,1
5923,1,624,1
5923,1,205,1
5965,1,,2
5974,1,499,1
5974,3,191,1
5975,1,626,0
5988,1,39,1
6027,1,108,1
6027,1,1254,0
6027,1,299,0
6030,1,231,1
6034,10,,2
6034,2,103,1
6034,7,285,0
6034,7,105,0
6076,1,426,1
6076,1,1391,0
6110,1,49,1
6126,1,35,0
6126,1,518,0
6176,1,1175,1
6215,1,134,0
6224,1,,2
6224,1,,2
6224,1,,2
6273,1,51,1
6277,1,1286,1
6381,1,225,1
6431,25,211,1
6443,1,,2
6443,1,51,1
6447,1,392,1
6447,1,39,1
6473,1,50,1
6481,1,46,1
6545,1,37,1
6550,1,48,0
6579,1,39,1
6673,1,28,1
6681,1,69,0
6730,1,359,0
6767,1,,2
6774,1,62,1
6777,1,,2
6777,1,,2
6777,1,86,1
6829,1,127,1
6829,1,63,0
6884,1,305,1
6891,9,213,1
6891,13,126,1
7028,1,58,0
7068,1,,2
7247,1,,2
7272,1,158,1
7272,1,36,0
7278,1,176,1
7324,1,143,1
7324,1,61,0
7324,1,48,0
7341,1,647,1
7368,1,35,1
7378,1,,2
7378,1,36,0
7382,1,80,1
7428,1,99,0
7442,4,95,1
7442,2,95,0
7478,1,711,0
7478,1,124,0
7485,12,673,1
7530,31,497,0
7531,1,,2
7539,8,968,1
7539,31,738,0
7634,1,41,1
7666,1,36,1
7838,1,32,1
7865,1,40,1
7918,1,33,1
7926,1,35,1
7974,1,886,1
8026,1,,2
8078,1,,2
8087,1,,2
8133,1,792,1
8183,1,,2
8233,1,31,0
8297,1,41,1
8328,1,,2
8335,2,86,1
8424,1,,2
8424,1,151,0
8431,1,,2
8484,1,48,0
8511,1,,2
8535,1,287,1
8612,1,35,0
8657,1,32,1
8673,1,124,0
8676,1,,2
8676,1,135,1
8679,1,128,1
8727,1,195,1
8727,1,111,0
8727,1,43,0
8777,1,,2
8950,1,35,1
8980,1,,2
8980,1,991,1
9138,1,94,1
9259,1,35,1
9276,1,346,0
9294,1,34,1
9294,1,37,0
9297,1,35,0
9324,1,1799,0
9324,1,304,0
9400,1,,2
9576,1,43,0
9632,1,,2
9632,1,61,1
9635,1,617,1
9635,1,43,1
9660,1,42,1
9660,1,40,1
9674,1,46,1
9700,1,364,1
9710,1,,2
9760,1,130,1
9774,1,,2
9848,1,,2
9865,1,175,1
9896,1,131,1
9899,1,32,0
9905,1,342,1
9954,1,1626,1
10123,1,165,1
10146,1,,2
10273,1,39,0
10338,1,,2
10367,1,35,1
10413,1,,2
10531,1,509,1
10578,1,32,1
10599,1,140,1
10599,1,115,1
10602,1,,2
10602,1,111,1
10630,1,182,1
10630,1,759,1
10680,1,,2
10680,1,124,1
10686,2,101,1
10706,1,,2
10718,1,37,1
10734,1,36,1
10790,1,35,0
10832,1,40,0
10836,1,623,1
10883,1,45,1
10883,1,44,1
10892,1,36,0
10957,1,43,1
11025,20,775,1
11032,1,1463,0
11094,1,40,0
11178,1,1376,0
11239,1,28,1
11268,1,27,1
11329,1,145,0
11381,1,,2
11526,1,39,1
11526,1,685,0
11628,1,48,1
11675,1,597,1
11777,1,,2
11866,1,,2
11975,1,,2
11992,1,66,0
11994,1,32,1
12025,1,,2
12025,1,45,1
12025,1,34,0
12070,1,,2
12086,1,36,1
12089,1,45,1
12158,1,34,1
12172,1,31,1
12212,1,31,0
12234,1,,2
12488,1,35,0
12509,1,,2
12515,1,,2
12518,1,,2
12521,1,161,0
12524,1,166,1
12560,1,37,1
12748,1,528,1
12819,1,,2
12948,1,,2
12954,1,,2
12984,1,447,0
13100,1,31,1
13184,1,747,1
13200,1,234,1
13215,1,34,0
13292,1,146,1
13318,1,44,0
13328,16,3360,1
13328,1,673,0
13378,1,35,0
13433,1,189,1
13439,10,,2
13460,1,37,1
13466,1,32,1
13492,1,,2
13531,28,1839,0
13579,1,126,1
13601,1,40,1
13631,1,248,1
13636,1,36,0
13685,1,54,1
13734,1,45,1
13772,1,,2
13802,1,37,1
13930,1,,2
14068,1,40,0
14170,1,241,1
14176,1,123,1
14274,1,,2
14390,1,168,0
14398,10,,2
14428,1,548,0
14431,1,63,1
14434,1,41,1
14459,1,345,1
14476,1,,2
14476,1,,2
14476,1,53,1
14494,1,36,1
14525,1,664,1
14530,1,170,1
14530,1,171,0
14565,1,41,0
14578,1,686,1
14578,1,49,1
14578,1,68,0
14690,1,118,1
14690,1,55,1
14693,1,,2
14696,2,117,0
14727,1,25,1
14790,1,,2
14841,1,595,0
14943,1,38,1
14984,1,49,1
15038,1,,2
15044,1,38,1
15054,1,,2
15064,1,41,1
15088,1,39,1
15405,1,,2
15405,1,86,0
15408,1,87,1
15408,1,81,1
15434,1,30,1
15474,1,734,1
15474,1,448,1
15474,1,32,1
15474,1,215,0
15592,1,33,0
15635,1,35,1
15654,1,299,1
15672,1,45,1
15673,1,667,1
15673,1,387,1
15679,2,385,1
15679,16,379,1
15722,26,602,0
15738,1,36,0
15742,1,42,1
15874,1,,2
15963,1,218,0
16014,20,,2
16062,1,,2
16328,1,28,1
16380,1,36,0
16396,1,,2
16396,1,46,1
16454,1,32,0
16494,1,185,0
16500,1,,2
16546,1,82,1
16559,1,38,1
16624,1,493,1
16656,1,36,1
16686,1,,2
16686,1,249,1
16692,3,242,1
16736,1,624,1
16736,1,1473,0
16835,1,,2
16874,1,39,1
16883,1,917,1
16883,31,448,1
16883,1,47,0
16890,1,234,1
16932,1,524,1
16932,1,200,1
16932,1,45,1
16932,1,38,1
16982,1,,2
16982,1,839,1
16995,1,49,1
17026,1,40,0
17076,1,,2
17149,1,174,1
17149,1,127,0
17166,1,43,0
17225,1,,2
17225,1,1334,1
17315,1,115,1
17315,1,557,0
17315,1,225,0
17318,1,,2
17318,1,113,1
17321,1,37,1
17332,1,,2
17354,1,,2
17374,11,89,0
17377,1,,2
17377,1,,2
17377,1,807,1
17377,1,372,0
17564,1,,2
17567,1,878,0
17570,1,,2
17570,1,36,1
17641,1,,2
17740,1,31,1
17766,1,74,1
17822,1,51,1
17825,1,37,1
17880,1,,2
17886,2,225,1
17886,6,216,1
17930,1,118,1
17933,1,36,1
17936,1,,2
17936,1,,2
17961,1,30,0
17979,1,,2
17979,1,137,1
18015,1,579,1
18021,1,45,1
18027,1,42,1
18027,1,632,0
18033,5,529,0
18044,1,35,1
18079,1,,2
18079,7,170,1
18079,1,129,1
18079,1,60,1
18133,1,,2
18133,1,80,1
18133,1,42,0
18168,1,44,1
18186,1,,2
18317,1,37,1
18330,1,36,1
18431,1,106,1
18431,1,417,0
18438,3,104,1
18473,1,449,0
18479,1,,2
18482,1,433,1
18526,1,319,1
18559,1,34,1
18647,1,,2
18647,1,307,1
18655,1,,2
18655,2,335,1
18663,1,,2
18663,30,,2
18663,31,270,1
18674,33,281,1
18726,1,255,0
18732,14,141,1
18732,11,235,0
18767,1,3027,0
18770,1,2501,1
18866,1,286,1
18866,1,139,1
18874,42,275,1
18910,1,31,1
18972,1,126,1
18972,1,64,0
18972,1,32,0
19023,1,,2
19024,1,97,1
19024,1,187,0
19189,1,35,1
19209,1,54,0
19215,1,,2
19215,1,125,1
19220,1,,2
19220,1,189,1
19220,1,165,1
19223,1,,2
19223,1,50,0
19223,1,32,0
19226,1,378,0
19268,1,36,1
19268,1,37,0
19271,1,,2
19271,1,44,0
19271,1,38,0
19300,1,44,1
19300,1,33,0
19311,1,37,1
19322,1,83,1
19328,2,81,0
19350,1,43,0
19479,1,,2
19479,1,112,1
19485,1,,2
19497,1,,2
19507,1,82,0
19510,1,,2
19631,1,,2
19637,10,,2
19637,10,,2
19729,1,,2
19729,1,,2
19778,1,,2
19778,1,141,1
19778,1,54,1
19829,1,179,1
19902,1,,2
19979,1,,2
19979,1,,2
19979,1,89,1
19979,1,24,1
20137,3,89,1
20137,2,83,1
20137,9,76,1
20188,1,510,1
20194,1,,2
20197,1,,2
20223,1,65,1
20272,1,275,1
20295,1,117,1
20321,1,,2
20389,1,,2
20412,1,246,0
20418,1,38,0
20469,1,,2
20477,1,,2
20477,7,192,1
20477,13,98,1
20519,1,165,1
20519,1,76,0
20525,2,75,1
20535,1,46,0
20567,1,,2
20567,1,1010,1
20567,1,33,1
20622,1,36,0
20663,1,,2
20684,1,36,1
20724,1,38,0
20738,1,37,1
20763,1,,2
20763,1,,2
20763,1,128,1
20763,1,81,1
20763,1,913,0
20763,1,26,0
20772,40,,2
20772,5,114,1
20772,1,79,1
20772,3,78,0
20817,1,,2
20820,1,36,0
20823,1,75,1
20964,1,,2
21014,1,38,1
21114,1,,2
21142,1,91,1
21142,1,108,0
21144,1,,2
21144,1,89,1
21156,1,56,1
21156,1,37,0
21166,1,31,1
21253,1,,2
21253,1,,2
21253,1,298,1
21253,1,288,1
21302,1,268,0
21351,1,130,1
21399,1,,2
21447,1,212,0
21450,1,35,1
21495,10,,2
21495,1,,2
21495,5,197,1
21501,1,81,0
21544,1,,2
21544,1,223,1
21597,13,67,1
21601,1,,2
21602,1,34,1
21624,1,64,1
21652,1,,2
21652,1,,2
21652,1,81,1
21652,1,50,1
21652,1,42,1
21658,39,77,1
21703,1,53,0
21712,1,40,0
21753,1,,2
21756,1,,2
21756,1,,2
21756,1,1219,1
21756,1,1130,1
21756,1,1576,0
21756,1,1555,0
21756,1,967,0
21806,1,,2
21806,1,134,1
21806,1,63,1
21839,1,,2
21862,1,,2
21862,1,,2
21869,1,,2
21961,1,74,1
21968,1,73,1
22010,1,764,0
22015,20,,2
22015,32,545,0
22058,1,,2
22058,1,313,1
22058,1,40,1
22058,1,434,0
22064,1,,2
22064,1,,2
22064,5,298,1
22064,2,76,1
22113,1,39,1
22114,1,,2
22114,1,,2
22120,4,195,1
22124,1,26,1
22163,4,233,0
22163,1,222,0
22195,1,33,1
22213,1,,2
22213,1,48,0
22235,1,35,1
22262,1,,2
22262,1,,2
22262,1,524,0
22269,10,,2
22269,1,,2
22269,32,732,1
22310,1,512,0
22363,1,,2
22363,1,,2
22363,1,166,1
22363,1,139,1
22414,1,,2
22414,1,220,1
22421,29,217,0
22429,1,72,1
22440,1,31,0
22463,1,,2
22463,1,183,1
22463,1,113,1
22512,20,,2
22512,1,97,1
22512,1,192,0
22518,1,,2
22518,2,94,1
22561,10,,2
22561,8,78,0
22614,1,,2
22614,1,29,1
22662,1,196,0
22705,1,,2
22741,1,,2
22761,1,184,1
22768,35,181,0
22790,1,36,1
22810,1,48,0
22863,1,1431,1
22863,1,79,0
22901,1,33,1
22917,1,126,1
22917,1,67,1
22917,1,51,1
22968,1,98,1
22997,1,31,0
23016,1,,2
23016,1,187,1
23016,2,83,1
23016,2,81,1
23016,1,26,1
23073,1,,2
23073,1,,2
23073,1,582,1
23076,1,156,1
23080,1,107,1
23118,1,29,1
23127,1,1346,1
23177,1,434,1
23177,1,38,1
23178,1,2387,1
23178,10,1129,1
23323,1,402,0
23378,1,,2
23415,1,24,1
23427,1,244,1
23427,1,67,1
23427,1,351,0
23432,1,,2
23432,1,,2
23432,14,113,1
23489,1,26,0
23524,1,199,0
23524,1,132,0
23530,6,196,1
23530,2,128,0
23530,9,105,0
23576,10,,2
23576,1,324,1
23603,1,34,0
23681,1,,2
23681,1,135,1
23681,1,31,1
23681,1,44,0
23721,1,,2
23748,1,33,1
23792,1,,2
23883,1,107,1
23883,1,24,0
23931,1,,2
24012,1,272,0
24018,1,,2
24018,1,44,1
24028,1,526,1
24028,1,364,1
24028,1,249,1
24028,1,41,1
24028,1,35,0
24076,1,201,1
24076,1,43,1
24076,1,42,1
24076,38,217,0
24082,10,199,0
24116,1,31,1
24158,1,,2
24230,1,,2
24230,1,,2
24230,1,336,1
24230,1,279,1
24230,1,320,0
24278,1,,2
24278,1,1244,1
24292,1,43,1
24330,1,,2
24334,1,39,1
24338,10,,2
24381,1,,2
24381,14,106,1
24381,1,174,0
24381,1,33,0
24397,1,,2
24483,1,,2
24483,1,,2
24490,33,77,1
24531,1,,2
24531,5,106,1
24531,1,85,1
24531,1,294,0
24531,1,108,0
24580,12,71,0
24683,1,39,0
24690,1,25,0
24875,1,31,1
24884,1,97,1
24889,1,,2
24933,1,1758,1
24933,1,1002,1
24933,1,127,0
24939,6,125,1
24939,2,126,0
24974,1,190,1
24983,1,,2
24992,13,125,1
25030,1,44,1
25034,1,,2
25037,1,169,0
25043,1,155,1
25043,1,184,0
25077,1,31,1
25080,1,671,0
25097,1,,2
25140,1,931,0
25146,10,676,1
25186,1,37,1
25212,1,34,0
25235,1,593,1
25251,1,,2
25283,1,,2
25283,1,74,1
25284,1,,2
25284,1,1655,1
25284,1,47,1
25325,1,37,1
25332,1,,2
25366,1,,2
25386,1,135,1
25386,1,166,0
25404,1,51,1
25435,1,200,1
25484,28,186,1
25533,1,,2
25533,1,93,1
25533,1,133,1
25540,1,88,1
25540,7,87,1
25573,1,27,0
25668,1,30,0
25671,1,28,1
25777,1,,2
25951,1,655,1
25972,1,48,1
25972,1,33,1
26095,1,,2
26121,1,202,1
26122,1,368,0
26130,28,200,1
26221,1,421,0
26254,1,33,1
26382,1,31,0
26433,1,60,1
26454,1,39,1
26458,1,46,1
26509,1,250,1
26509,1,37,1
26509,1,32,1
26509,1,47,0
26559,13,237,1
26575,1,41,1
26595,1,34,0
26701,1,203,1
26701,1,72,1
26704,1,40,0
26707,15,201,1
26710,1,28,0
26850,1,154,1
26850,1,171,0
26888,1,,2
26888,1,106,1
26892,1,,2
26892,1,116,0
26898,1,35,1
26947,1,44,1
26995,1,,2
26995,1,62,0
27022,1,34,1
27096,1,,2
27103,2,78,1
27220,1,33,1
27238,1,479,0
27372,1,,2
27453,1,,2
27566,1,,2
27574,1,,2
27598,1,276,0
27606,1,33,1
27714,1,32,0
27806,1,40,0
27829,1,,2
27980,1,33,1
27995,1,29,0
28034,1,237,1
28073,1,67,1
28076,1,124,1
28138,1,,2
28145,1,43,0
28155,1,27,1
28330,1,63,1
28511,1,37,1
28537,1,70,1
28886,1,67,1
28904,1,40,1
28908,1,35,1
28925,1,,2
28943,1,,2
28958,1,595,1
28958,1,39,1
28958,1,33,1
28998,1,2465,1
29005,1,,2
29009,1,42,1
29054,1,,2
29067,1,108,0
29070,1,400,1
29073,1,111,1
29077,1,111,1
29100,1,35,1
29102,1,166,1
29143,1,,2
29152,1,,2
29214,1,2395,1
29231,10,2386,1
29274,1,38,0
29293,1,,2
29293,1,226,0
29342,1,43,0
29391,1,36,0
29449,1,,2
29526,1,,2
29540,1,159,1
29755,1,103,1
29755,1,74,0
29758,1,74,1
29758,1,73,1
29796,1,,2
29821,1,,2
29821,1,75,1
29821,1,647,0
29821,1,473,0
29821,1,46,0
29827,2,72,1
29883,1,32,0
29992,1,25,0
29998,1,,2
30015,1,,2
30015,1,576,1
30021,46,504,1
30066,1,234,1
30066,1,384,0
30072,40,,2
30072,15,380,1
30072,2,382,0
30104,1,,2
30218,1,45,1
30366,1,38,1
30455,1,34,1
30470,1,34,1
30514,1,,2
30600,1,2937,1
30600,1,2051,1
30600,1,415,1
30743,1,366,1
30746,1,,2
30751,29,362,1
30803,1,30,1
30838,1,1973,1
30838,1,222,0
30844,38,1876,1
30844,43,218,1
30848,1,29,0
30888,1,303,1
30888,1,97,0
30939,1,2840,1
30948,20,,2
30948,1,,2
31018,1,687,0
31038,1,,2
31038,1,56,1
31041,1,39,1
31088,1,154,1
31088,1,791,0
31136,1,224,1
31190,3,202,1
31225,1,,2
31225,1,219,0
31236,1,46,0
31239,1,41,0
31289,1,,2
31289,30,,2
31289,1,38,1
31305,1,,2
31386,1,41,0
31441,1,,2
31484,1,30,1
31517,1,,2
31535,1,,2
31535,1,2387,0
31621,1,89,1
31702,1,,2
31702,1,58,1
31704,1,68,1
31704,1,64,1
31714,1,,2
31726,1,,2
31726,1,705,1
31726,1,35,1
31776,1,,2
31776,1,92,1
31781,6,2311,1
31781,3,89,1
31812,1,39,1
31824,18,75,0
31974,1,173,0
32017,1,40,1
32226,1,538,0
32233,1,29,1
32268,1,39,1
32274,1,3496,0
32274,1,197,0
32397,1,,2
32457,1,31,1
32519,1,,2
32522,1,,2
32528,1,2428,1
32571,1,,2
32571,1,256,1
32625,1,,2
32632,1,136,1
32675,1,162,1
32675,1,49,1
32675,1,39,1
32721,1,35,1
32764,1,36,1
32810,1,634,1
32816,1,1239,1
32876,1,405,1
32880,1,405,1
32884,1,359,0
32968,1,136,1
33012,1,,2
33012,1,359,1
33012,1,46,1
33015,1,360,0
33018,2,307,1
33018,1,297,1
33021,1,,2
33024,35,291,1
33024,32,271,1
33028,31,270,0
33123,1,217,1
33144,1,26,1
33271,1,1111,0
33337,1,33,0
33380,1,,2
33380,1,128,1
33431,1,143,1
33431,1,125,0
33431,1,125,0
33485,1,112,1
33540,1,107,0
33596,1,118,1
33596,1,113,0
33648,1,,2
33648,1,,2
33648,1,,2
33648,1,107,1
33648,1,57,0
33651,1,,2
33651,1,72,1
33654,1,,2
33664,1,37,0
33668,1,,2
33668,1,34,1
33699,1,155,1
33699,1,38,1
33699,1,349,0
33700,1,,2
33758,1,81,0
33770,1,,2
33791,1,36,0
33812,1,,2
33812,1,,2
33812,1,70,1
33812,1,45,1
33812,1,189,0
33818,5,188,1
33872,1,35,1
33872,1,131,0
33889,1,29,1
33898,1,35,0
33928,1,,2
33928,1,41,1
33969,1,35,0
33983,1,27,1
33983,1,34,0
34037,1,165,1
34089,1,,2
34089,1,2429,1
34089,1,2907,0
34143,1,,2
34317,1,27,1
34346,1,89,1
34438,1,,2
34462,1,35,1
34536,1,,2
34536,1,168,1
34653,1,,2
34660,1,32,1
34730,1,62,1
34730,1,679,0
34736,2,676,1
34793,1,,2
34826,1,156,1
34836,1,,2
34838,1,28,0
34887,1,,2
34916,1,,2
35007,1,38,1
35030,1,24,0
35073,1,483,1
35128,1,,2
35128,37,3377,1
35179,1,1167,1
35179,1,25,1
35270,1,33,0
35308,1,,2
35312,1,124,0
35326,1,,2
35374,1,,2
35374,1,52,1
35520,1,116,1
35524,1,39,1
35526,1,74,1
35530,1,94,1
35533,1,79,1
35536,1,78,1
35572,1,48,1
35628,1,33,1
35768,1,3110,1
35768,1,2393,1
35801,1,,2
35870,1,,2
36037,1,,2
36076,1,,2
36079,1,55,0
36111,1,,2
36111,1,133,1
36111,1,398,0
36215,1,36,1
36216,1,35,0
36268,1,37,1
36272,1,,2
36272,1,,2
36272,1,39,1
36272,1,38,1
36272,1,2956,0
36320,1,2239,1
36384,1,41,1
36523,1,40,0
36568,1,44,0
36617,1,34,1
36650,1,24,1
36700,1,35,1
36718,1,725,0
36723,11,672,1
36723,31,498,1
36767,1,136,1
36803,1,39,0
36971,1,90,0
37051,1,38,0
37052,1,851,1
37101,10,820,0
37101,31,664,0
37150,1,790,1
37150,1,30,0
37200,1,,2
37200,1,2306,1
37226,1,37,0
37250,1,48,0
37338,1,,2
37393,1,87,0
37432,1,40,0
37441,1,187,1
37446,16,184,1
37472,1,503,1
37472,1,114,1
37472,1,85,1
37474,1,84,1
37474,1,84,1
37481,1,,2
37490,1,,2
37490,1,,2
37496,2,410,1
37540,1,268,1
37540,1,40,1
37540,1,39,1
37540,1,39,1
37565,1,40,1
37598,1,,2
37598,1,417,1
37598,1,51,0
37650,1,,2
37650,1,,2
37650,1,37,1
37703,1,,2
37703,1,353,1
37703,1,26,1
37734,1,40,1
37754,1,,2
37754,1,,2
37754,1,,2
37754,1,402,1
37754,1,27,0
37806,1,,2
37806,1,,2
37806,1,,2
37806,1,112,0
37861,1,,2
37861,1,594,1
37861,1,30,1
37861,1,30,1
37861,1,522,0
37916,1,24,1
37951,1,40,1
37969,1,,2
37969,1,40,1
37969,1,40,1
37969,1,1194,0
37969,1,122,0
37978,5,141,1
38012,1,37,0
38022,1,,2
38022,1,1039,1
38022,1,38,1
38022,1,485,0
38022,1,27,0
38077,1,38,0
38078,1,3040,0
38082,1,,2
38113,1,31,1
38135,1,,2
38135,1,241,1
38135,1,203,0
38138,1,39,1
38145,39,226,1
38188,1,,2
38188,1,152,1
38188,1,315,0
38188,1,224,0
38188,1,334,0
38334,1,,2
38430,1,,2
38430,1,538,1
38430,1,44,1
38430,1,194,0
38434,1,,2
38483,1,38,1
38484,1,74,1
38484,1,42,1
38484,1,45,0
38496,1,,2
38502,1,396,0
38562,1,44,0
38565,1,41,1
38581,1,1023,0
38592,1,109,0
38634,1,2860,1
38634,1,62,1
38706,1,35,1
38730,1,812,1
38730,1,346,0
38733,1,40,1
38825,1,,2
38931,1,47,1
38931,1,29,1
38974,1,85,1
38980,1,50,0
38983,1,82,0
39077,1,89,1
39126,1,107,1
39130,1,,2
39150,1,34,1
39179,1,244,1
39185,50,,2
39281,1,,2
39281,1,52,1
39340,1,119,0
39378,1,42,1
39382,1,232,1
39392,1,230,1
39401,17,139,0
39430,1,72,0
39434,1,103,1
39437,1,144,1
39440,1,117,1
39440,1,117,1
39449,1,82,0
39485,1,31,1
39488,1,,2
39488,1,69,1
39528,1,103,1
39540,1,,2
39564,1,33,1
39589,1,30,0
39631,1,,2
39634,1,34,1
39634,1,682,0
39679,1,,2
39679,1,,2
39679,1,48,1
39679,1,42,1
39724,1,36,1
39736,1,42,1
39777,1,,2
39777,1,138,0
39783,1,113,1
39786,22,175,1
39871,1,35,0
39883,1,512,0
39934,1,,2
39934,1,377,1
39934,1,60,1
40032,1,141,0
40068,1,39,1
40144,1,26,0
40180,1,,2
40180,1,41,1
40200,1,124,1
40228,1,1531,0
40380,1,47,1
40432,1,159,0
40544,1,39,1
40576,1,,2
40576,1,51,0
40632,1,394,1
40660,1,127,1
40680,1,,2
40680,1,222,1
40684,1,31,1
40732,40,,2
40784,1,,2
40800,1,76,0
40816,1,57,1
40832,1,,2
40832,1,228,0
40836,40,,2
40852,1,36,0
40868,1,,2
40888,1,,2
40888,1,,2
40888,1,1032,0
40896,1,36,0
40964,1,,2
40968,1,48,1
40984,1,,2
40992,12,212,0
41116,1,28,1
41128,1,37,1
41136,1,156,1
41136,1,92,1
41136,1,284,0
41144,1,94,0
41152,10,89,1
41160,1,63,1
41232,1,41,0
41280,1,123,1
41312,1,87,1
41316,1,,2
41316,1,86,0
41320,1,,2
41328,1,,2
41328,1,30,1
41332,9,172,0
41380,1,121,1
41380,1,77,1
41432,1,,2
41432,3,65,0
41472,1,,2
41488,1,31,1
41552,1,,2
41576,1,262,0
41580,47,254,0
41664,1,90,0
41692,1,36,1
41736,1,,2
41772,2,1425,1
41784,1,1368,1
41788,1,357,0
41836,1,400,1
41836,1,207,1
41840,32,204,1
41884,1,113,1
41896,1,88,1
42028,1,202,1
42032,1,36,0
42088,1,35,1
42144,1,41,1
42176,1,57,0
42272,1,34,1
42276,1,159,0
42296,1,,2
42308,1,,2
42328,1,136,1
42344,1,,2
42352,1,37,1
42440,1,,2
42472,1,,2
42472,1,210,1
42480,10,76,1
42496,1,88,1
42504,10,84,0
42568,1,52,1
42628,1,32,1
42668,1,,2
42668,1,49,0
42668,1,35,0
42672,1,,2
42680,1,36,1
42688,1,25,0
42696,1,,2
42700,1,,2
42704,1,36,1
42712,1,32,0
42728,1,36,1
42736,1,35,1
42740,1,,2
42752,1,,2
42768,1,,2
42768,1,61,1
42792,1,24,1
42796,1,28,0
42808,1,,2
42808,1,,2
42816,1,64,0
42816,1,32,0
42836,1,30,0
42840,1,33,0
42868,1,30,1
42964,1,,2
42964,1,1558,1
43004,1,32,1
43012,1,1059,1
43016,5,728,1
43112,1,347,1
43160,1,332,1
43160,8,313,1
43192,1,61,1
43196,1,44,1
43196,1,373,0
43208,1,283,1
43208,1,40,1
43208,1,1479,0
43208,1,38,0
43216,9,1476,0
43224,1,594,0
43260,1,108,1
43260,1,43,1
43260,1,42,1
43308,1,659,1
43336,1,43,1
43364,1,231,1
43368,10,216,1
43412,13,102,0
43416,1,30,1
43464,1,52,1
43476,1,32,1
43556,1,,2
43684,1,32,0
43700,1,125,1
43700,1,118,1
43700,1,45,0
43752,1,,2
43764,1,38,1
43796,1,33,1
43896,1,,2
43968,1,32,1
44176,1,453,0
44216,1,62,1
44220,1,,2
44224,1,,2
44224,1,63,1
44296,1,91,1
44320,1,446,1
44320,1,399,1
44320,1,212,1
44320,1,122,1
44320,1,1045,0
44320,1,41,0
44328,9,340,1
44376,14,169,1
44380,1,,2
44392,1,,2
44420,1,43,0
44424,1,,2
44424,1,945,1
44424,1,83,1
44432,4,80,0
44472,1,,2
44512,1,47,0
44528,1,374,1
44536,1,373,0
44536,1,368,0
44548,1,37,0
44560,1,34,0
44580,1,958,1
44656,1,32,1
44820,1,28,0
44880,1,,2
44880,1,120,1
44880,1,47,1
44964,1,34,0
45076,1,28,1
45124,1,1091,1
45148,1,,2
45176,1,320,0
45176,1,52,0
45244,1,,2
45272,1,,2
45332,1,37,0
45360,1,,2
45372,1,544,0
45420,1,817,1
45420,1,239,1
45428,1,,2
45476,1,,2
45520,1,483,1
45528,8,430,1
45528,12,128,0
45548,1,35,0
45568,1,,2
45620,1,290,1
45628,1,26,0
45632,1,,2
45636,1,,2
45680,31,415,1
45680,1,33,1
45728,1,2538,1
45728,1,38,1
45732,1,,2
45796,1,307,1
45812,10,,2
45864,1,33,1
45880,1,33,1
45928,1,1873,0
45976,1,136,0
46072,1,92,0
46076,1,91,1
46124,1,54,0
46128,1,,2
46128,1,,2
46128,1,157,1
46128,1,141,1
46128,1,84,1
46128,1,59,1
46128,1,54,1
46128,1,98,0
46128,1,53,0
46132,1,62,1
46184,1,,2
46184,1,38,1
46288,1,,2
46288,1,35,1
46288,1,261,0
46340,1,,2
46376,1,1135,1
46380,1,799,1
46384,1,747,1
46388,1,27,1
46388,1,1737,0
46388,1,241,0
46392,20,,2
46440,1,173,1
46532,1,34,0
46540,1,33,1
46540,1,34,0
46584,1,,2
46584,1,64,1
46616,1,,2
46632,1,149,1
46636,5,145,1
46648,1,,2
46680,1,252,1
46776,1,288,1
46776,1,255,1
46776,1,212,0
46780,9,287,1
46780,7,204,1
46792,1,42,1
46800,1,725,1
46800,1,45,1
46816,1,42,1
46824,1,,2
46824,1,217,1
46824,1,50,1
46824,1,2248,0
46824,12,98,0
46880,1,,2
46880,1,,2
46880,1,211,1
46880,1,50,1
46880,1,303,0
46888,7,196,0
46888,13,127,0
46948,1,59,0
47024,1,395,1
47148,1,48,0
47168,1,45,1
47176,1,45,0
47188,1,41,0
47200,1,41,1
47212,1,,2
47224,1,,2
47240,1,45,1
47260,1,51,0
47260,1,41,0
47264,1,301,0
47268,1,48,1
47276,1,552,1
47284,1,,2
47288,1,367,1
47364,1,,2
47364,1,1863,1
47456,1,,2
47460,1,,2
47460,1,,2
47468,1,288,1
47468,1,34,1
47468,1,315,0
47476,1,,2
47476,1,,2
47476,1,,2
47476,31,296,1
47476,31,272,1
47488,1,,2
47488,1,,2
47488,1,,2
47488,1,27,1
47500,1,29,1
47512,1,254,0
47540,1,,2
47548,2,389,1
47556,36,318,1
47564,1,93,1
47564,1,146,0
47588,1,3555,1
47592,1,2830,0
47596,1,2512,1
47616,1,,2
47616,1,1785,1
47616,1,149,1
47616,5,78,1
47616,1,63,1
47624,1,,2
47668,1,97,0
47720,1,,2
47720,1,82,1
47720,1,137,0
47812,1,151,1
47816,1,151,0
47820,1,,2
47820,1,,2
47820,1,148,1
47824,1,,2
47824,1,88,1
47828,1,40,1
47844,1,39,1
47880,1,,2
47880,1,,2
47888,1,37,0
47896,1,29,1
47904,1,37,1
47908,1,28,0
47912,1,33,1
47920,1,36,1
47924,1,,2
47928,1,104,1
47936,1,103,1
47940,1,34,1
47944,1,,2
47968,1,45,1
47976,10,,2
47980,1,28,1
47984,1,39,0
48000,1,40,1
48008,1,,2
48020,1,36,1
48024,1,295,1
48028,1,25,1
48040,1,35,1
48040,1,33,0
48064,1,,2
48076,1,264,1
48076,42,241,0
48084,1,,2
48096,1,55,1
48128,1,,2
48132,1,45,1
48136,1,,2
48136,1,,2
48136,1,46,1
48172,1,182,1
48172,1,154,1
48176,1,,2
48176,1,153,1
48176,1,153,1
48188,1,,2
48188,1,,2
48216,1,,2
48280,1,42,1
48284,1,35,1
48284,1,196,0
48332,1,,2
48332,6,175,0
48340,1,,2
48416,1,47,0
48432,1,,2
48432,1,37,0
48480,1,583,1
48480,1,132,1
48480,1,327,0
48480,1,51,0
48532,1,,2
48556,1,243,1
48680,1,,2
48680,1,,2
48688,10,,2
48688,10,244,0
48800,1,48,1
48884,1,237,1
48892,10,,2
48904,1,131,1
48908,2,122,1
48916,1,126,1
48960,1,,2
49028,1,53,1
49120,1,28,1
49180,1,,2
49180,1,2751,1
49180,1,140,1
49180,1,45,1
49180,1,131,0
49188,1,35,1
49196,1,221,0
49204,1,36,0
49228,47,1306,1
49228,1,176,0
49284,1,,2
49288,18,192,1
49312,1,,2
49336,1,86,1
49344,7,81,1
49348,1,,2
49352,1,31,1
49384,1,61,0
49392,1,54,1
49392,6,58,0
49452,1,141,0
49476,1,,2
49480,1,94,1
49488,4,93,0
49576,1,40,1
49576,1,39,0
49636,1,,2
49668,1,135,1
49716,1,,2
49728,1,,2
49776,1,141,1
49776,1,114,1
49776,1,139,0
49928,1,,2
49928,1,1639,0
49936,1,88,1
49936,3,87,1
49936,7,1394,0
49948,1,73,1
49952,1,96,1
49952,1,70,1
49956,1,71,1
49980,1,124,1
49980,1,74,1
49980,1,324,0
49984,4,,2
50028,1,,2
50084,1,,2
50144,1,27,1
50152,1,33,0
50156,1,,2
50164,1,33,0
50168,1,33,1
50176,1,59,1
50176,1,24,1
50180,1,34,1
50184,1,,2
50184,4,57,1
50196,1,40,1
50200,1,34,0
50216,1,,2
50224,1,25,1
50228,1,,2
50228,1,,2
50228,1,55,1
50236,1,,2
50236,8,206,0
50252,1,25,0
50260,1,37,1
50268,1,25,1
50284,1,37,0
50300,1,36,1
50316,1,,2
50316,1,,2
50324,1,43,0
50384,1,,2
50384,1,179,1
50432,1,34,1
50436,1,2080,0
50436,1,561,0
50460,1,658,1
50488,1,,2
50488,1,41,1
50488,1,36,1
50504,1,52,1
50536,1,41,1
50588,1,,2
50588,1,1347,1
50588,1,955,1
50588,1,1491,0
50588,1,133,0
50592,1,953,1
50636,1,,2
50636,1,1447,0
50636,1,1426,0
50636,1,1318,0
50664,1,30,1
50688,1,91,1
50692,1,90,1
50692,3,90,0
50696,1,36,1
50784,1,,2
50788,7,802,1
50832,30,,2
50832,1,966,1
50832,1,270,1
50840,10,,2
50840,30,,2
50844,1,41,1
50928,1,,2
50928,1,,2
50976,8,210,1
50976,13,121,0
51032,1,397,0
51036,4,391,1
51040,1,41,0
51076,1,42,1
51080,1,277,1
51084,1,40,1
51088,5,272,0
51128,1,313,1
51136,3,296,0
51180,1,,2
51228,1,313,1
51228,1,256,1
51236,1,,2
51236,1,255,1
51248,1,42,1
51280,1,224,1
51328,1,,2
51328,1,145,1
51432,1,,2
51580,1,,2
51584,1,,2
51596,1,35,1
51620,1,35,1
51632,1,48,1
51704,1,43,0
51836,1,60,1
51840,1,,2
51840,1,74,1
51840,1,34,1
51844,1,71,1
51924,1,160,1
51924,1,142,0
51972,1,1469,1
51972,1,591,1
52024,1,102,0
52028,2,98,1
52072,9,85,1
52076,1,36,1
52176,1,527,1
52176,1,80,1
52184,10,,2
52184,1,,2
52184,1,527,0
52224,1,240,0
52232,21,237,0
52248,1,28,1
52264,1,40,0
52324,1,1137,1
52328,39,291,1
52380,1,,2
52480,1,44,1
52488,1,26,1
52540,1,,2
52552,1,306,1
52596,1,32,1
52632,1,269,0
52644,1,112,0
52828,1,,2
52840,1,,2
52852,1,373,1
52852,1,58,1
52880,1,760,1
52880,1,189,1
52880,1,49,1
52880,1,51,0
52888,10,,2
52928,1,,2
52928,1,113,0
52944,1,38,0
53012,1,38,1
53056,1,114,1
53060,1,38,1
53072,1,,2
53072,1,1731,1
53224,1,26,1
53276,1,542,1
53328,1,,2
53328,1,,2
53328,1,86,1
53428,1,1623,1
53532,1,33,1
53564,1,,2
53572,1,39,1
53576,1,35,1
53584,1,40,1
53588,1,40,1
53596,1,,2
53616,1,28,0
53636,1,26,1
53640,1,175,1
53640,1,35,0
53656,36,169,1
53684,1,36,1
53688,1,35,1
53696,1,,2
53696,1,32,0
53704,1,34,1
53704,1,34,1
53712,1,26,1
53712,1,31,0
53716,1,37,0
53724,1,266,0
53748,1,31,1
53844,1,45,1
53852,1,,2
53856,1,85,0
53868,1,,2
53868,1,,2
53868,1,52,1
53876,10,,2
53944,1,27,1
53956,1,,2
53968,1,1007,1
53992,1,41,0
54008,1,,2
54100,1,,2
54100,1,559,1
54120,1,2956,1
54120,1,118,1
54152,1,41,0
54172,1,86,1
54172,1,53,0
54220,1,,2
54228,1,40,0
54316,1,,2
54356,1,54,0
54372,1,761,1
54372,1,192,1
54420,1,862,0
54468,1,175,1
54468,1,33,1
54528,1,28,1
54620,1,54,1
54620,1,114,0
54628,11,104,1
54676,1,94,1
54724,1,,2
54732,6,116,0
54784,1,2771,1
54832,1,,2
54832,1,,2
54832,1,404,1
54832,1,399,0
54832,1,127,0
54872,1,29,0
55036,1,,2
55036,1,773,1
55036,1,391,1
55044,3,771,1
55044,7,326,0
55076,1,,2
55084,22,163,1
55136,1,38,1
55136,1,299,0
55144,10,281,0
55252,1,,2
55280,1,39,0
55284,1,,2
55284,1,41,1
55332,1,,2
55332,1,34,1
55384,1,32,1
55404,1,43,1
55412,1,29,1
55472,1,30,0
55528,1,94,0
55536,1,377,0
55540,10,,2
55540,1,,2
55540,22,134,1
55676,1,72,1
55680,1,,2
55680,1,,2
55680,1,68,1
55684,1,34,1
55736,1,96,1
55840,1,40,1
55892,1,,2
55944,1,2489,1
56016,1,42,1
56140,1,228,1
56144,20,,2
56164,1,295,0
56172,1,,2
56188,1,140,0
56196,1,138,0
56304,1,,2
56392,1,41,1
56396,1,209,0
56400,1,35,0
56504,1,43,1
56628,1,33,0
56640,1,2285,1
56644,1,51,1
56652,10,1129,1
56652,7,2281,0
56808,1,37,1
56876,1,,2
56876,1,32,1
57020,1,,2
57032,1,48,1
57188,1,124,1
57188,1,48,1
57320,1,41,1
57336,1,,2
57340,1,,2
57380,1,265,1
57596,1,,2
57600,1,51,1
57600,1,29,1
57608,1,377,0
57640,1,,2
57640,1,,2
57640,1,,2
57640,1,71,1
57640,1,48,1
57640,1,58,0
57684,1,44,1
57688,1,207,0
57704,1,,2
57720,30,161,1
57736,1,,2
57796,1,,2
57824,1,37,1
57852,1,107,1
57856,1,439,0
57860,1,68,1
57864,1,,2
57888,1,57,1
57988,1,34,1
58032,1,,2
58036,11,130,1
58088,1,,2
58140,1,,2
58240,1,241,1
58264,1,35,1
58288,1,37,1
58360,1,28,0
58488,1,,2
58496,10,,2
58560,1,91,0
58588,1,136,1
58588,1,96,0
58592,1,105,1
58592,1,86,1
58636,1,,2
58688,1,,2
58688,1,735,1
58688,1,698,1
58688,1,487,1
58688,1,215,0
58712,1,236,1
58724,2,229,1
58732,10,,2
58732,1,27,1
58736,1,,2
58792,1,35,1
58796,1,39,1
58832,1,,2
58832,1,43,1
58888,1,,2
58888,1,662,1
58888,1,422,1
58908,6,415,1
58908,7,460,0
58920,1,,2
58936,37,429,1
58980,1,,2
58984,1,29,0
59076,1,585,1
59076,1,31,1
59080,1,585,0
59080,1,218,0
59088,10,,2
59088,10,,2
59088,20,,2
59204,1,40,1
59232,1,48,1
59236,1,200,1
59236,1,172,0
59240,23,197,1
59380,1,,2
59380,1,2387,0
59380,1,365,0
59428,1,138,1
59524,1,,2
59524,1,425,1
59524,1,308,1
59532,25,305,0
59532,4,79,0
59560,1,39,0
59572,1,,2
59576,1,44,1
59576,1,1965,0
59576,1,323,0
59584,40,,2
59696,1,25,0
59720,1,,2
59772,16,2246,1
59784,1,40,1
59796,1,305,1
59836,1,40,1
59872,1,,2
59872,1,234,0
59880,1,232,1
59880,2,217,0
59968,1,,2
59980,1,2329,1
59996,1,37,0
60000,1,,2
60000,1,57,1
60000,1,35,0
60020,1,,2
60020,31,460,1
60020,1,31,1
60096,1,,2
60108,1,,2
60144,1,2277,1
60148,2,2273,1
60168,1,,2
60172,1,,2
60208,1,31,1
60256,1,,2
60264,1,,2
60264,1,135,1
60264,1,98,1
60420,1,88,0
60464,1,,2
60492,1,,2
60496,1,,2
60496,1,,2
60496,1,3203,1
60496,1,214,0
60516,1,76,1
60516,1,48,1
60516,1,31,0
60636,1,35,1
60752,1,3248,1
60752,1,135,1
60752,1,50,1
60804,1,3575,1
60804,1,343,1
60804,1,290,1
60904,1,30,0
60952,1,3152,1
60960,1,115,1
60972,1,,2
60972,1,110,1
60984,12,96,1
61004,1,49,1
61104,1,94,1
61192,1,32,0
61196,1,,2
61196,1,40,1
61200,1,,2
61200,1,,2
61200,1,433,1
61200,1,117,0
61252,1,,2
61252,1,207,1
61252,1,79,1
61280,1,,2
61304,1,55,1
61304,1,39,1
61304,1,88,0
61320,1,47,1
61344,1,35,1
61352,1,,2
61384,1,94,1
61400,1,27,1
61476,1,40,1
61500,1,3228,1
61500,1,227,1
61556,1,,2
61556,1,321,0
61556,1,34,0
61564,40,,2
61652,1,275,0
61672,1,367,0
61680,1,401,1
61680,1,368,1
61804,1,30,0
61832,1,,2
61836,1,,2
61840,1,316,1
61840,2,303,1
61852,34,284,1
61852,1,291,0
61856,40,,2
61888,1,,2
61896,2,296,1
61904,40,,2
61904,1,3113,1
61908,19,3086,1
61952,1,462,1
61952,1,184,1
61960,10,160,0
61988,1,,2
62004,1,,2
62004,1,78,1
62008,1,,2
62052,1,106,1
62052,1,136,0
62052,1,45,0
62152,9,115,1
62156,1,29,1
62232,1,37,1
62232,1,48,0
62252,1,2056,1
62252,1,788,1
62252,1,27,1
62372,1,33,1
62444,1,,2
62444,1,1991,1
62444,1,73,1
62448,1,,2
62448,1,61,1
62460,1,42,1
62492,1,,2
62492,1,36,1
62492,1,34,1
62512,1,54,1
62556,1,34,1
62564,1,398,1
62596,1,360,1
62596,1,51,1
62596,1,680,0
62596,1,56,0
62604,3,675,1
62652,1,219,1
62652,1,251,0
62728,1,,2
62768,1,29,1
62800,1,134,1
62804,1,38,0
62812,1,41,1
62948,1,47,1
62996,1,71,0
63004,6,70,1
63048,1,,2
63048,1,129,1
63048,1,47,1
63100,1,612,1
63116,1,38,1
63152,1,,2
63152,1,209,1
63156,14,127,1
63156,1,78,1
63156,5,204,0
63248,1,28,1
63352,1,299,0
63404,1,1407,1
63404,1,60,0
63452,1,498,1
63452,1,38,1
63480,1,37,1
63544,1,,2
63552,1,200,1
63588,1,30,1
63600,1,296,1
63600,3,187,1
63636,1,220,1
63648,1,41,1
63648,1,33,1
63656,1,1321,0
63660,1,,2
63704,1,253,1
63712,8,238,1
63712,14,138,1
63724,1,34,1
63744,1,41,1
63844,1,,2
63852,1,,2
63852,1,300,1
63852,1,273,1
63852,1,265,0
63872,1,,2
63900,1,,2
64048,1,,2
64048,1,,2
64048,1,194,1
64056,50,190,1
64056,34,179,1
64060,1,39,0
64100,1,,2
64100,1,120,1
64100,1,90,1
64100,1,44,1
64100,1,127,0
64108,20,,2
64156,1,75,1
64156,20,74,0
64160,1,32,1
64196,1,31,1
64300,1,89,1
64300,1,40,1
64308,1,,2
64344,1,89,1
64348,1,,2
64348,1,206,1
64348,1,85,1
64348,1,64,1
64408,1,48,1
64424,1,,2
64504,1,83,1
64504,1,83,0
64516,1,83,1
64516,1,83,1
64556,1,,2
64604,1,296,1
64608,1,206,1
64608,1,53,1
64612,10,,2
64656,1,,2
64708,1,96,1
64708,6,92,1
64724,1,,2
64760,1,240,1
64768,8,216,1
64768,14,119,1
64788,10,,2
64796,1,42,0
64804,1,576,1
64812,1,,2
64812,1,,2
64816,1,39,0
64836,1,613,0
64864,1,,2
64864,1,41,1
64864,1,41,0
64864,1,41,0
64936,1,42,1
64964,1,,2
64964,1,,2
64964,1,115,1
64968,2,111,1
64968,7,102,0
65012,1,,2
65012,1,,2
65048,1,26,0
65072,1,39,1
65160,1,,2
65208,1,,2
65208,1,,2
65208,1,1022,1
65208,1,100,1
65208,1,56,1
65216,30,,2
65216,12,729,1
65216,31,692,1
65216,12,950,0
65232,1,26,1
65356,1,142,1
65392,1,,2
65408,1,32,1
65456,1,113,1
65456,1,31,1
65508,1,26,1
65572,1,29,1
65592,1,39,1
65732,1,30,0
65756,1,344,0
65804,1,194,1
65804,1,39,1
65908,1,,2
65908,1,292,1
65956,1,,2
65956,10,,2
65956,1,,2
65956,1,,2
65956,1,136,1
65956,1,133,1
65956,8,92,1
65956,10,258,0
66000,1,36,1
66004,1,94,1
66012,1,32,1
66056,1,,2
66112,1,40,1
66160,1,165,1
66160,1,29,1
66160,1,184,0
66236,1,,2
66236,1,63,1
66236,1,43,1
66240,1,,2
66244,1,57,1
66248,1,63,0
66352,1,182,0
66352,1,39,0
66356,5,170,0
66408,1,294,1
66408,1,269,1
66456,1,75,1
66456,1,83,0
66464,1,74,1
66504,1,369,1
66556,1,,2
66556,1,206,0
66656,1,304,1
66656,1,51,0
66664,10,,2
66664,13,148,1
66720,1,,2
66720,1,39,0
66760,1,,2
66772,20,,2
66776,1,961,0
66868,1,,2
66868,1,307,1
66916,1,123,1
66916,1,147,0
66952,1,550,0
66968,3,108,1
66968,1,62,0
67008,1,36,1
67040,1,34,1
67072,1,90,1
67092,1,34,1
67108,1,,2
67160,1,77,0
67216,10,62,0
67248,1,,2
67256,1,117,1
67268,1,,2
67268,1,104,1
67268,1,295,0
67272,1,,2
67272,1,,2
67272,5,94,1
67304,1,33,1
67320,1,38,1
67320,1,36,1
67324,1,368,1
67324,1,33,0
67368,1,,2
67400,1,,2
67564,1,,2
67564,1,312,1
67564,1,35,1
67564,1,96,0
67568,1,,2
67612,1,278,1
67612,1,250,1
67612,1,127,0
67620,1,39,1
67696,1,77,1
67720,1,596,1
67756,1,42,1
67756,1,30,1
67808,1,43,0
67960,1,,2
67960,1,,2
67960,1,67,1
67980,1,35,0
68056,1,,2
68056,1,120,1
68068,1,33,1
68104,1,103,0
68112,2,97,1
68164,10,,2
68212,1,,2
68216,1,85,1
68220,1,,2
68220,1,58,0
68260,1,126,1
68288,1,,2
68312,1,59,1
68316,2,58,1
68316,1,58,0
68392,1,35,0
68476,1,602,1
68476,1,37,0
68504,1,,2
68504,1,54,1
68504,1,43,1
68504,1,67,0
68540,1,35,1
68560,1,,2
68588,1,41,0
68608,1,198,1
68608,1,43,0
68624,1,,2
68708,1,,2
68708,1,100,0
68716,1,34,1
68848,1,,2
68872,1,37,0
68908,1,48,1
68956,1,90,1
68956,1,45,1
68968,1,85,1
68968,2,83,1
68996,1,37,1
69008,1,901,1
69056,1,,2
69164,1,,2
69220,1,,2
69260,1,69,1
69264,1,202,1
69268,10,,2
69288,1,,2
69408,1,364,1
69452,1,36,0
69460,1,,2
69508,1,192,1
69552,1,34,0
69644,1,55,0
69656,1,41,0
69660,1,305,1
69660,1,41,1
69660,1,350,0
69708,1,2197,1
69708,1,46,0
69708,1,41,0
69756,1,,2
69788,1,32,0
69808,1,98,1
69812,20,,2
69856,1,,2
69860,9,201,0
69884,1,,2
69912,1,,2
69924,1,259,0
69936,10,110,1
69956,1,2124,0
69964,8,1220,1
69972,1,37,1
70032,1,33,1
70052,1,,2
70072,1,59,1
70072,1,90,0
70076,1,65,1
70076,1,66,0
70080,1,60,1
70104,1,,2
70104,1,50,0
70184,1,33,0
70408,1,,2
70408,1,372,0
70472,1,,2
70480,1,40,0
70552,1,2323,1
70552,1,191,0
70572,1,385,1
70580,1,,2
70704,1,273,1
70704,1,124,1
70752,41,242,1
70832,1,34,1
70832,1,36,0
70836,1,267,0
70848,1,126,1
70852,1,41,1
70944,1,,2
70944,1,192,0
70980,1,30,1
71064,1,36,0
71084,1,,2
71092,9,78,1
71092,1,76,1
71092,1,265,0
71136,1,124,1
71148,10,,2
71180,1,,2
71272,4,1218,1
71280,1,127,1
71328,1,87,1
71328,1,55,1
71376,1,175,1
71424,1,,2
71440,1,34,0
71476,10,,2
71476,1,33,1
71524,1,319,1
71532,1,,2
71572,1,51,1
71760,1,,2
71764,1,142,0
71768,9,235,1
71804,1,32,1
71916,1,,2
72008,1,69,1
72016,4,67,1
72048,1,52,0
72056,1,40,1
72088,1,2124,1
72092,1,33,0
72144,1,,2
72176,1,,2
72192,1,44,1
72196,1,383,0
72212,1,45,1
72212,1,33,1
72216,1,35,0
72260,1,,2
72268,1,72,0
72308,1,66,1
72308,1,229,0
72312,43,225,0
72332,1,36,1
72356,1,,2
72356,1,,2
72356,1,167,0
72408,1,972,1
72408,1,132,1
72408,1,55,1
72408,1,45,0
72436,1,33,1
72460,1,192,0
72504,1,2008,1
72508,1,200,1
72508,1,58,1
72508,1,53,0
72516,42,190,0
72560,1,103,0
72568,1,101,1
72568,7,100,1
72608,1,206,1
72608,1,206,1
72608,1,169,1
72608,1,96,1
72624,8,182,1
72624,2,94,1
72664,1,221,1
72664,1,190,1
72672,5,239,1
72712,1,,2
72712,1,291,1
72712,1,415,0
72728,38,425,0
72728,12,319,0
72740,1,,2
72760,1,,2
72760,1,238,1
72760,1,199,0
72760,1,134,0
72776,6,235,1
72776,49,222,1
72776,3,218,1
72776,4,151,0
72808,1,,2
72808,1,422,1
72808,1,831,0
72820,14,452,1
72840,1,,2
72848,1,,2
72852,1,167,0
72856,1,,2
72856,20,,2
72856,1,671,1
72856,1,422,1
72860,1,161,0
72868,10,,2
72868,1,,2
72868,14,438,1
72872,17,122,1
72880,1,,2
72912,6,680,1
72960,1,175,1
72960,1,175,1
72972,9,187,1
72972,11,184,1
73012,1,766,1
73020,9,665,1
73024,1,,2
73024,1,,2
73024,1,110,1
73024,1,108,0
73036,1,36,1
73064,1,276,1
73064,1,245,1
73064,1,191,1
73064,1,251,0
73076,1,,2
73076,1,,2
73076,7,242,1
73112,1,39,1
73120,1,,2
73120,1,583,1
73120,1,456,1
73120,1,215,0
73132,1,141,1
73164,20,,2
73192,1,32,1
73208,1,172,1
73220,1,170,0
73228,20,,2
73260,1,,2
73308,1,517,1
73308,1,390,1
73308,6,110,1
73308,1,39,1
73312,1,389,1
73312,1,389,1
73312,35,406,0
73316,1,38,1
73412,1,,2
73420,1,37,1
73424,7,370,1
73436,1,44,1
73464,1,,2
73464,1,,2
73464,1,135,1
73472,4,103,1
73536,1,593,0
73560,1,102,1
73576,1,37,1
73612,1,,2
73612,43,115,1
73620,42,168,0
73664,1,,2
73668,1,27,1
73672,1,,2
73712,1,447,1
73712,1,54,1
73712,1,148,0
73724,1,31,1
73724,10,443,0
73724,3,52,0
73764,1,,2
73816,1,259,1
73816,1,121,1
73824,10,,2
73824,9,246,1
73864,1,,2
73864,1,,2
73864,1,362,1
73864,1,138,0
73872,1,362,0
73912,1,2507,1
73968,1,,2
73968,1,315,1
73968,1,297,1
73972,14,319,1
74016,1,378,1
74016,1,62,1
74016,1,51,1
74024,50,,2
74064,1,,2
74064,1,203,1
74064,1,157,1
74064,1,156,1
74064,1,73,0
74072,6,201,1
74072,1,151,1
74072,10,142,0
74072,5,70,0
74116,1,38,0
74192,1,,2
74216,1,783,1
74216,1,375,1
74216,1,234,1
74228,2,230,1
74228,2,387,0
74228,4,223,0
74320,1,306,1
74320,1,39,0
74332,2,329,1
74372,1,66,1
74372,1,2557,0
74376,2,61,1
74416,1,106,1
74416,1,26,1
74424,1,,2
74444,1,42,0
74448,1,,2
74468,1,,2
74468,31,482,1
74468,1,213,1
74468,1,48,1
74520,1,,2
74580,1,45,0
74672,1,,2
74684,1,149,1
74692,1,33,1
74716,1,,2
74716,1,156,1
74716,1,136,1
74716,1,162,0
74728,1,,2
74728,1,37,1
74728,9,95,0
74764,10,161,0
74912,1,158,1
74912,1,63,1
74916,1,,2
74916,1,357,1
74916,1,120,1
74916,1,56,1
74924,14,373,1
74968,1,,2
74968,1,,2
74968,1,444,1
74968,1,284,1
74968,1,71,0
74980,2,281,0
75016,1,,2
75016,1,,2
75036,1,29,0
75044,1,,2
75160,1,1180,1
75164,1,,2
75168,1,800,0
75220,1,167,1
75220,1,38,1
75228,10,134,0
75316,1,137,1
75328,20,,2
75356,1,,2
75364,1,,2
75416,1,89,1
75464,1,,2
75464,1,195,1
75472,15,185,0
75516,1,,2
75516,1,,2
75528,2,126,1
75568,1,,2
75568,1,258,1
75568,1,147,1
75576,20,,2
75576,1,,2
75600,1,30,1
75604,1,636,0
75620,1,194,1
75620,1,126,1
75620,1,79,1
75620,1,78,0
75620,1,49,0
75668,1,,2
75668,1,,2
75668,1,3346,1
75668,1,68,1
75688,1,31,0
75692,1,35,1
75700,1,35,1
75716,1,,2
75716,1,804,1
75728,10,822,1
75764,10,,2
75776,1,,2
75784,1,38,0
75860,1,46,1
75864,1,,2
75872,3,173,0
75876,1,90,1
75904,1,36,1
75916,20,,2
75916,16,3550,1
75916,17,3247,1
75964,1,,2
75964,15,3596,1
75964,1,136,1
75972,40,,2
76012,16,3514,1
76012,1,210,1
76012,1,161,1
76012,15,3434,0
76012,1,3235,0
76024,2,183,0
76028,1,,2
76068,1,,2
76068,1,3210,1
76072,1,369,0
76076,1,333,1
76076,13,271,1
76080,1,,2
76168,1,,2
76168,1,72,1
76168,1,386,0
76176,14,184,0
76184,1,,2
76188,2,312,1
76192,31,280,1
76216,1,,2
76216,1,,2
76216,1,,2
76216,1,287,0
76220,1,302,1
76224,1,,2
76224,1,,2
76224,4,138,1
76224,1,87,1
76232,37,265,1
76232,1,297,0
76236,15,297,1
76268,1,,2
76284,1,40,0
76316,12,548,1
76412,1,307,0
76420,9,284,1
76428,1,3522,1
76432,1,2803,1
76432,1,2486,0
76440,1,32,1
76508,1,150,0
76516,1,,2
76520,15,140,1
76560,1,,2
76608,1,,2
76608,1,,2
76608,1,169,1
76616,15,160,1
76656,1,,2
76660,1,,2
76660,1,122,0
76712,12,136,1
76760,1,203,1
76768,9,190,1
76800,1,26,1
76800,1,52,0
76804,1,76,1
76808,1,117,1
76808,1,57,1
76812,1,,2
76812,1,72,1
76812,1,47,1
76812,1,113,0
76832,1,359,1
76864,7,98,1
76864,1,59,1
76864,1,47,1
76864,1,278,0
76864,1,197,0
76872,40,,2
76872,4,299,1
76872,1,42,1
76916,1,304,1
76916,1,506,0
76964,11,288,1
76972,1,30,1
77008,1,265,1
77012,1,385,0
77064,1,251,1
77068,4,261,1
77112,1,560,1
77168,1,218,1
77176,1,217,1
77184,1,,2
77212,1,306,1
77216,1,418,1
77224,12,295,1
77224,6,351,0
77276,1,33,1
77284,1,,2
77312,1,,2
77316,12,354,1
77364,1,1026,1
77364,1,161,1
77364,1,48,1
77364,1,272,0
77376,10,1022,1
77376,2,286,1
77376,4,155,0
77624,1,33,1
77692,1,1608,1
77692,1,160,1
77840,1,111,0
77896,1,,2
77896,10,,2
77896,1,1532,1
77896,1,94,1
77900,1,,2
77904,2,1529,1
77904,10,424,0
77944,1,28,1
77944,1,283,0
77992,1,38,1
78040,1,216,1
78048,1,95,1
78052,2,94,1
78096,1,166,0
78104,8,162,1
78112,1,32,1
78116,1,158,1
78148,1,281,1
78148,1,153,1
78156,36,202,1
78156,4,134,1
78156,4,267,0
78196,1,,2
78208,7,285,1
78208,1,41,1
78236,1,35,1
78244,1,,2
78336,1,37,1
78436,1,249,0
78484,1,,2
78484,1,282,1
78484,2,234,1
78496,1,282,0
78496,14,235,0
78568,1,39,0
78580,1,97,1
78580,1,65,0
78592,4,92,1
78628,1,34,1
78632,1,,2
78636,12,247,1
78728,1,,2
78732,9,1143,0
78752,1,71,1
78756,1,92,1
78756,1,73,1
78756,1,70,1
78772,1,,2
78776,1,128,1
78820,1,95,1
78824,1,,2
78824,1,506,1
78832,8,130,1
78880,10,,2
78880,1,,2
78884,1,508,1
78936,1,31,0
78976,1,,2
78976,1,41,1
79024,1,265,1
79032,6,261,1
79072,1,285,1
79080,4,282,1
79108,1,29,1
79116,1,30,0
79120,1,,2
79120,1,117,1
79128,10,,2
79128,1,,2
79132,1,,2
79136,1,35,0
79152,1,30,1
79168,1,31,1
79176,1,30,1
79192,1,61,1
79192,1,28,1
79196,1,691,1
79196,1,585,0
79200,1,37,0
79204,1,37,1
79216,1,,2
79216,1,113,1
79216,1,50,1
79216,1,46,1
79216,1,42,1
79220,3,111,1
79220,1,36,1
79224,1,30,1
79240,1,33,1
79240,1,32,1
79240,1,30,1
79252,1,,2
79256,1,,2
79260,1,,2
79264,1,110,1
79264,1,35,0
79272,1,,2
79312,1,1492,1
79312,1,1345,1
79312,1,1324,1
79312,1,1293,1
79312,1,1215,1
79312,1,1514,0
79312,1,1015,0
79320,1,43,1
79348,1,36,1
79416,1,,2
79416,1,160,1
79460,1,35,0
79464,1,899,1
79464,1,170,1
79516,7,837,1
79516,31,550,1
79560,1,28,1
79568,1,1020,1
79568,1,469,1
79568,1,240,1
79576,10,,2
79576,10,982,1
79620,32,715,1
79620,1,317,1
79672,10,,2
79672,1,367,1
79672,1,118,1
79672,1,386,0
79684,6,350,1
79724,1,563,1
79724,1,387,1
79724,6,100,1
79724,1,464,0
79740,10,,2
79740,9,598,1
79740,2,461,1
79772,1,296,1
79772,1,299,0
79772,1,179,0
79772,1,163,0
79788,1,,2
79788,2,294,1
79820,1,,2
79872,1,58,1
79920,1,129,1
79920,1,48,1
79940,1,26,0
80004,1,29,1
80016,1,,2
80016,1,85,1
80068,1,,2
80068,10,506,0
80068,5,68,0
80120,1,,2
80132,14,649,0
80172,1,140,1
80180,10,,2
80196,1,33,1
80196,1,28,1
80220,1,,2
80220,1,1740,1
80228,10,,2
80268,1,395,1
80268,1,365,1
80268,1,35,0
80280,9,389,1
80320,1,,2
80468,1,,2
80468,1,536,0
80476,1,33,1
80480,1,,2
80516,1,109,1
80576,1,47,1
80576,1,1099,0
80628,1,,2
80628,1,219,0
80652,1,37,1
80664,1,92,1
80664,1,78,1
80668,1,,2
80668,1,79,1
80676,5,99,1
80728,1,460,1
80728,1,37,1
80732,20,,2
80732,8,385,0
80776,1,1833,1
80776,1,423,1
80784,1,,2
80928,1,35,1
80972,1,987,1
80972,1,375,1
80976,12,841,1
81028,1,,2
81028,1,474,1
81036,13,315,1
81076,1,,2
81076,10,107,1
81076,1,82,1
81088,20,,2
81088,1,,2
81088,1,,2
81128,1,322,1
81128,1,102,1
81136,10,,2
81136,1,,2
81136,15,120,1
81136,9,96,0
81280,1,,2
81328,1,153,1
81340,1,,2
81380,1,,2
81380,1,2511,0
81388,1,849,1
81420,1,,2
81452,1,,2
81500,1,,2
81528,1,224,1
81536,6,245,1
81576,1,398,1
81576,1,357,0
81584,3,416,1
81620,1,29,0
81624,1,,2
81636,3,317,1
81636,1,223,0
81644,1,56,1
81656,1,427,1
81668,1,,2
81672,1,40,1
81672,1,39,0
81724,1,850,1
81724,1,54,1
81776,1,41,1
81820,1,,2
81868,1,653,1
81896,1,,2
81904,1,36,1
81924,1,336,1
81924,7,666,0
81928,1,,2
81932,1,332,0
81940,1,325,1
81944,10,125,0
81972,1,1843,1
81976,1,237,1
81976,1,134,1
81984,40,,2
81984,10,159,1
82024,1,,2
82024,1,,2
82024,1,109,1
82032,10,,2
82056,1,,2
82072,1,99,1
82108,1,30,1
82112,1,600,0
82120,1,,2
82120,1,27,1
82120,1,55,0
82220,1,651,0
82228,13,648,1
82396,1,33,1
82456,1,,2
82456,1,156,1
82464,1,154,1
82504,1,829,0
82536,1,2767,1
82540,1,,2
82552,10,465,1
82556,1,133,1
82568,7,157,1
82604,1,108,0
82608,1,483,1
82608,1,70,1
82608,1,67,1
82612,1,61,1
82616,2,482,1
82656,1,696,1
82656,1,177,0
82668,8,570,1
82684,1,88,1
82708,1,144,1
82716,9,169,1
82792,1,32,1
82804,1,848,1
82816,10,859,1
82820,1,36,1
82824,1,38,1
82832,1,33,1
82836,1,626,0
82848,1,,2
82856,20,,2
82856,1,,2
82856,1,67,1
82856,1,56,1
82856,1,76,0
82908,1,99,0
82916,6,96,1
82932,1,44,1
82960,1,358,1
83008,1,35,0
83012,8,364,1
83012,1,134,0
83040,1,36,1
83064,1,2170,1
83072,1,,2
83092,1,99,1
83112,1,,2
83252,1,409,1
83260,5,406,1
83268,1,36,0
83300,1,171,0
83308,14,165,1
83336,1,40,0
83352,1,270,1
83352,1,136,1
83360,10,267,1
83388,1,142,1
83408,1,,2
83408,1,168,1
83408,2,136,1
83416,13,157,1
83456,1,315,1
83472,1,253,1
83496,1,,2
83508,13,300,1
83508,4,89,0
83564,1,,2
83604,1,59,1
83656,1,277,1
83656,1,130,1
83664,8,117,1
83684,1,442,1
83692,8,422,0
83704,1,760,1
83712,8,734,1
83740,1,,2
83744,2,151,1
83804,1,368,0
83804,1,38,0
83928,1,109,0
83940,1,105,1
83948,3,101,1
83972,1,213,0
83984,1,35,1
83992,1,,2
84016,1,39,0
84024,1,93,0
84032,2,90,1
84048,1,50,0
84060,1,,2
84060,1,,2
84060,1,228,1
84072,1,,2
84072,9,482,1
84072,14,225,0
84112,1,,2
84112,1,1705,1
84112,1,45,1
84112,1,453,0
84160,1,601,0
84160,12,455,0
84200,1,39,1
84260,1,1262,1
84260,1,449,1
84304,1,31,1
84324,1,,2
84324,1,45,0
84356,1,1618,1
84376,1,,2
84384,2,109,0
84408,1,,2
84416,9,372,1
84436,1,113,0
84444,49,108,1
84456,1,34,1
84460,1,1199,1
84468,10,,2
84468,30,,2
84480,1,,2
84508,1,324,1
84516,1,64,1
84520,1,,2
84520,1,58,1
84520,1,63,0
84544,1,,2
84560,1,165,1
84560,1,27,1
84560,1,56,0
84564,1,278,1
84568,4,66,1
84572,11,178,1
84608,1,164,0
84616,4,185,0
84644,1,457,1
84664,1,,2
84664,1,461,1
84672,2,475,0
84752,1,,2
84760,1,433,1
84772,1,455,1
84776,1,71,0
84788,6,,2
84792,1,33,0
84812,1,,2
84812,1,122,1
84820,10,,2
84836,1,90,1
84844,1,187,1
84844,5,78,0
84856,1,,2
84860,1,315,1
84860,1,137,1
84888,1,132,0
84896,9,121,1
84912,8,,2
84912,1,120,1
84936,1,30,1
84960,1,,2
84960,1,139,1
84960,1,131,1
84960,1,59,1
84988,1,33,1
84992,1,418,1
85224,1,,2
85224,1,27,1
85228,9,251,1
85264,1,27,1
85272,1,294,0
85276,1,43,1
85308,1,126,1
85388,1,173,1
85420,1,40,1
85436,1,,2
85444,10,,2
85472,1,105,0
85484,2,101,1
85484,1,1112,0
85492,7,98,1
85496,8,992,0
85508,1,,2
85520,1,589,0
85544,1,33,1
85600,1,,2
85624,1,1011,1
85652,1,268,1
85668,14,127,1
85668,8,251,0
85752,1,50,1
85776,1,30,1
85784,1,37,0
85788,1,,2
85788,1,34,0
85852,1,27,1
85856,1,,2
85888,1,,2
85900,1,109,1
85924,2,105,1
85988,1,132,1
85988,1,54,1
85988,1,36,1
86040,1,63,1
86104,1,,2
86136,1,158,0
86184,1,,2
86264,1,31,0
86280,1,1810,1
86280,1,305,1
86328,1,737,0
86336,10,,2
86340,1,83,0
86352,10,74,1
86376,1,41,1
86380,1,85,0
86392,16,81,1
86432,1,68,1
86436,30,,2
86436,2,67,0
86472,1,191,0
86480,1,237,1
86484,1,,2
86488,1,234,1
86488,11,214,1
86496,1,200,1
86496,1,56,1
86508,2,194,1
86512,1,643,0
86520,1,,2
86520,5,192,0
86528,1,281,1
86528,1,47,1
86576,1,,2
86576,1,127,1
86612,1,43,1
86628,1,,2
86628,1,,2
86628,1,242,0
86680,1,422,1
86680,13,114,1
86680,7,216,0
86712,1,38,0
86732,1,,2
86732,1,816,1
86732,1,54,1
86740,1,81,1
86740,6,66,1
86748,18,73,0
86748,1,27,0
86760,20,,2
86780,1,,2
86780,1,,2
86780,1,155,1
86780,1,137,1
86780,1,513,0
86780,1,387,0
86788,1,,2
86800,1,,2
86800,1,121,1
86800,1,108,1
86804,1,80,1
86808,1,112,1
86816,1,41,0
86832,8,454,1
86832,24,152,1
86840,1,232,1
86860,1,77,1
86880,1,63,1
86928,1,97,1
86936,10,,2
86936,1,95,1
86980,1,71,0
86992,1,,2
86992,15,62,0
87032,1,,2
87032,1,121,1
87040,1,301,1
87040,10,275,0
87092,1,126,1
87100,15,120,1
87136,1,,2
87136,1,,2
87136,1,,2
87136,1,,2
87136,1,50,1
87212,1,,2
87228,1,35,0
87244,1,,2
87244,1,32,0
87252,1,112,1
87256,1,286,1
87264,1,,2
87276,3,178,0
87284,1,228,0
87316,1,147,1
87328,7,139,0
87332,1,174,1
87332,1,41,1
87332,1,75,0
87340,2,74,1
87356,1,53,0
87384,1,,2
87384,1,805,1
87384,1,222,1
87396,1,77,0
87400,1,106,1
87400,1,58,1
87412,1,58,0
87432,1,392,1
87444,8,351,0
87484,1,,2
87484,1,547,1
87484,1,209,1
87484,1,449,0
87536,1,152,0
87584,1,159,0
87592,9,135,1
87592,1,44,1
87640,1,,2
87640,1,152,1
87640,1,48,1
87640,1,237,0
87640,1,39,0
87644,8,236,1
87688,1,,2
87688,1,375,1
87688,1,34,1
87744,1,463,0
87744,1,448,0
87764,1,52,1
87772,1,29,1
87792,1,243,1
87792,1,97,1
87792,1,26,1
87796,1,167,0
87800,1,,2
87800,10,227,1
87800,13,117,0
87828,1,,2
87840,5,231,0
87844,1,,2
87844,1,58,0
87848,1,,2
87848,10,,2
87848,1,213,0
87848,29,102,0
87860,1,883,0
87936,1,42,0
88036,1,513,0
88048,1,247,0
88056,1,245,0
88064,10,,2
88168,1,38,1
88228,1,,2
88228,1,2046,1
88228,1,564,1
88228,1,35,1
88324,1,214,1
88376,1,,2
88376,1,47,1
88376,1,31,1
88376,1,276,0
88432,1,,2
88436,1,,2
88436,1,,2
88436,1,,2
88436,1,1976,1
88436,1,331,1
88436,1,32,1
88444,34,1960,1
88480,1,111,0
88492,41,97,0
88584,1,135,1
88584,1,40,1
88592,9,131,0
88600,1,454,0
88628,1,36,0
88632,1,193,1
88632,1,797,0
88640,10,,2
88640,1,185,1
88668,1,26,1
88680,1,,2
88684,1,46,0
88732,1,237,1
88740,5,234,1
88740,3,226,1
88760,1,36,1
88868,1,52,1
88876,1,,2
88876,1,595,1
88884,1,,2
88884,1,,2
88884,1,2380,1
88940,21,2311,1
88940,31,450,0
88940,1,57,0
88948,1,,2
88976,1,41,1
88992,1,,2
88992,1,99,1
88992,1,257,0
89000,1,,2
89000,5,250,1
89000,14,154,1
89000,2,97,1
89044,1,329,1
89048,20,,2
89052,1,,2
89076,1,214,1
89092,1,158,1
89092,1,38,1
89108,1,46,1
89144,1,,2
89144,1,224,1
89148,10,,2
89148,11,204,1
89192,1,36,1
89240,1,595,0
89240,1,164,0
89288,1,99,1
89300,1,96,0
89312,2,92,1
89336,1,,2
89336,1,,2
89340,6,76,0
89376,1,,2
89376,1,52,1
89380,1,,2
89380,1,59,0
89400,1,49,0
89408,1,3222,1
89440,1,527,1
89440,1,40,1
89440,1,54,0
89448,10,,2
89448,12,221,1
89540,1,73,1
89548,6,70,1
89592,1,154,0
89604,1,35,1
89620,1,,2
89640,1,,2
89640,1,245,1
89696,1,,2
89696,1,559,1
89736,1,162,0
89764,1,,2
89832,1,232,1
89880,1,,2
89880,1,,2
89880,1,,2
89880,1,64,1
89940,1,176,1
89944,1,80,1
89964,3,73,1
90016,1,187,0
90020,1,661,1
90028,28,169,0
90032,1,,2
90032,1,27,1
90032,1,32,0
90040,10,,2
90056,1,,2
90084,1,,2
90084,1,,2
90084,1,85,1
90084,1,146,0
90084,1,70,0
90104,1,,2
90108,1,1150,1
90120,1,40,1
90128,1,53,1
90136,1,,2
90136,1,34,1
90136,1,152,0
90136,1,112,0
90148,1,38,1
90192,1,,2
90192,10,,2
90192,1,350,1
90192,1,100,1
90192,1,404,0
90196,2,100,1
90196,3,88,0
90240,1,98,1
90240,2,88,1
90244,1,,2
90280,1,,2
90288,1,,2
90288,3,84,1
90296,6,68,0
90308,1,,2
90384,1,,2
90440,1,274,1
90480,1,396,1
90480,1,364,0
90484,1,380,1
90488,1,251,1
90488,1,306,0
90532,1,,2
90536,1,233,0
90548,10,,2
90548,14,128,1
90552,1,3406,1
90568,1,30,0
90584,1,,2
90592,10,178,1
90628,1,,2
90628,1,335,1
90628,1,310,1
90640,1,,2
90640,2,309,1
90640,2,287,1
90648,37,286,1
90648,36,279,1
90648,30,278,1
90696,1,,2
90696,1,362,1
90736,1,73,1
90752,1,,2
90752,1,,2
90752,1,125,1
90752,1,71,1
90768,1,1708,1
90776,1,217,1
90780,1,267,1
90788,37,165,1
90852,1,1655,1
90948,1,,2
90948,1,,2
90948,1,1705,1
90948,1,37,1
91000,10,,2
91028,1,321,1
91048,1,31,1
91052,1,,2
91088,1,41,1
91192,1,695,0
91216,1,,2
91220,1,89,1
91244,1,264,1
91272,1,101,1
91272,1,76,0
91272,1,60,0
91276,1,71,0
91276,1,67,0
91292,1,47,1
91296,1,36,1
91344,1,,2
91400,1,211,1
91400,1,70,1
91408,10,,2
91408,14,119,0
91408,1,43,0
91440,1,370,1
91440,1,568,0
91452,1,39,1
91456,1,43,1
91504,1,,2
91532,1,,2
91548,1,,2
91552,1,,2
91624,1,37,1
91648,1,,2
91656,1,94,1
91656,8,88,1
91660,1,36,1
91700,1,,2
91708,9,172,0
91828,1,572,0
91840,1,54,0
91844,1,,2
91848,11,208,0
91868,1,217,0
91876,30,,2
91956,1,748,1
91976,1,,2
91996,1,290,1
92004,3,315,1
92008,1,32,1
92020,1,38,0
92072,1,40,1
92092,1,,2
92144,1,,2
92152,1,400,1
92196,1,,2
92196,1,132,1
92244,48,205,1
92244,1,196,1
92292,1,142,1
92336,1,422,0
92388,1,172,1
92392,1,34,1
92396,10,,2
92424,1,219,1
92436,1,26,1
92444,1,,2
92452,1,91,1
92452,7,87,1
92488,1,30,1
92492,1,241,0
92504,1,33,1
92544,1,264,1
92544,48,219,1
92548,40,,2
92592,1,,2
92604,1,35,0
92624,1,34,0
92632,1,133,1
92692,1,,2
92692,1,224,0
92700,10,,2
92700,28,216,1
92752,1,189,0
92760,30,,2
92796,1,,2
92800,9,98,1
92836,1,32,1
92848,1,219,1
92848,1,41,1
92856,32,214,1
92944,1,,2
93012,1,26,1
93036,1,36,0
93132,1,185,1
93152,1,90,1
93156,1,90,1
93156,1,68,1
93160,1,,2
93192,1,60,1
93424,1,52,0
93424,1,39,0
93444,1,36,1
93548,1,35,1
93588,1,53,1
93604,1,40,1
93608,1,53,0
93616,1,36,0
93632,1,650,1
93672,1,,2
93672,1,,2
93672,1,42,1
93672,1,58,0
93672,1,42,0
93700,1,2741,1
93704,1,1385,1
93724,1,152,1
93724,1,128,1
93732,1,679,1
93732,1,51,1
93752,1,,2
93760,3,160,0
93764,44,103,1
93904,1,42,1
93912,1,,2
93912,1,,2
93912,1,,2
93912,1,67,1
93924,1,,2
93924,7,1059,1
93924,31,554,1
93924,8,64,1
93924,31,837,0
93924,10,84,0
93924,1,64,0
93960,1,896,1
93960,1,124,1
93992,1,,2
94016,1,40,0
94036,1,323,0
94068,1,43,0
94080,1,87,0
94152,1,43,1
94296,1,150,0
94320,1,,2
94392,1,,2
94424,1,30,0
94464,1,31,1
94492,1,32,1
94536,1,,2
94540,9,76,1
94588,1,69,1
94588,1,35,1
94588,1,287,0
94596,1,549,1
94732,1,,2
94796,1,71,1
94832,1,42,1
94916,1,25,0
94936,1,,2
94984,1,148,1
94984,1,684,0
95044,1,39,1
95072,1,62,1
95076,1,79,0
95080,1,,2
95080,1,,2
95164,1,39,1
95268,1,58,1
95276,3,,2
95316,1,,2
95344,1,310,1
95396,1,40,1
95488,1,30,1
95688,1,2049,1
95688,1,1888,0
95716,1,,2
95760,1,369,1
95796,1,551,1
95832,1,131,0
95868,1,32,1
95892,1,,2
95936,1,,2
96048,1,205,1
96052,1,372,1
96052,1,28,0
96068,1,79,1
96068,1,45,1
96068,1,41,1
96116,1,53,1
96128,1,44,0
96168,1,28,1
96196,1,114,1
96260,1,,2
96272,1,,2
96312,1,670,0
96312,1,32,0
96380,1,176,1
96388,1,33,0
96452,1,,2
96452,1,33,1
96468,1,642,1
96484,1,898,1
96500,1,32,0
96540,1,1619,1
96552,50,,2
96552,1,43,1
96552,1,1651,0
96608,1,187,1
96620,31,156,1
96756,1,88,0
96856,1,36,1
96888,1,,2
96992,1,,2
96992,1,129,0
96996,1,126,1
96996,1,126,1
97036,1,203,0
97040,37,199,1
97112,1,755,1
97156,1,26,0
97196,1,,2
97200,1,,2
97200,1,,2
97224,1,,2
97224,1,,2
97224,1,40,1
97272,1,73,1
97304,1,34,1
97344,1,32,1
97352,1,34,0
97368,1,118,1
97372,1,202,1
97380,40,,2
97404,1,651,0
97408,1,38,1
97412,1,35,1
97472,1,568,1
97600,1,583,0
97608,1,,2
97616,1,740,1
97668,1,31,1
97736,1,326,1
97796,1,132,1
97820,1,39,1
97824,1,29,0
97992,1,,2
98016,1,591,1
98040,1,,2
98040,1,68,1
98048,9,297,0
98120,1,,2
98232,1,1461,1
98280,1,388,1
98320,1,31,0
98328,1,,2
98336,1,34,1
98508,1,,2
98508,1,,2
98520,1,,2
98520,1,60,1
98608,1,42,1
98616,1,,2
98660,1,90,1
98716,1,42,0
98792,1,31,0
98840,1,,2
98848,1,,2
98884,1,92,1
98884,1,67,1
98888,1,66,1
98888,1,66,0
98896,1,66,1
98896,1,35,1
98992,1,,2
99052,1,326,0
99056,1,457,0
99092,1,137,0
99224,1,34,1
99280,1,,2
99292,1,,2
99416,1,358,1
99456,1,44,0
99548,1,614,0
99556,11,610,0
99576,9,168,1
99684,1,215,1
99712,1,104,1
99712,1,34,0
99716,1,135,0
99736,1,41,0
99768,1,169,1
99864,1,43,1
100000,1,39,1
100008,1,,2
100032,1,,2
100044,1,51,0
100060,30,,2
100100,1,242,1
100152,1,44,1
100152,1,57,0
100204,1,775,1
100224,1,190,1
100224,1,30,1
100276,1,38,0
100316,1,621,0
100348,1,49,1
100352,1,34,1
100368,1,524,0
100404,1,,2
100412,36,176,1
100496,1,,2
100608,1,,2
100624,10,,2
100632,1,31,1
100708,1,34,0
100868,1,32,0
100892,1,42,1
100892,1,119,0
100904,1,285,1
100912,28,249,0
100936,1,,2
100948,1,49,1
100968,1,,2
100996,1,,2
101048,1,48,1
101100,1,47,1
101100,1,789,0
101100,1,275,0
101148,1,392,1
101148,1,54,0
101212,1,253,1
101220,1,35,1
101272,1,31,0
101288,1,,2
101296,42,198,0
101448,1,,2
101472,1,32,1
101560,1,,2
101636,1,,2
101760,1,136,1
101760,1,71,1
101760,1,69,1
101760,1,72,0
101784,1,1615,1
101784,1,40,1
101836,1,455,1
101836,1,236,1
101860,1,36,1
101872,1,,2
101960,1,157,0
101968,24,142,1
101980,1,,2
101984,10,,2
101984,2,402,1
101992,1,37,1
101996,1,,2
102028,1,,2
102028,1,1531,1
102028,1,77,0
102052,1,,2
102060,37,187,1
102064,1,,2
102072,4,695,0
102080,50,,2
102104,1,45,0
102148,1,,2
102188,1,36,1
102208,1,33,1
102248,1,,2
102496,1,183,1
102504,40,,2
102592,1,,2
102624,1,,2
102624,1,69,1
102624,1,157,0
102740,1,,2
102764,1,99,0
102772,1,,2
102772,1,365,0
102824,1,57,1
102844,1,39,1
102920,1,31,1
102992,1,333,0
103016,1,,2
103048,1,741,1
103064,1,,2
103068,45,131,0
103088,1,,2
103096,1,30,1
103120,8,257,1
103120,6,248,0
103224,1,248,1
103228,1,,2
103232,1,32,0
103236,1,631,1
103240,1,34,1
103248,1,255,0
103260,39,186,1
103280,1,284,1
103284,30,2440,0
103284,1,50,0
103284,1,38,0
103324,1,,2
103432,1,232,1
103456,1,38,1
103484,10,,2
103484,1,,2
103484,9,206,1
103484,1,168,1
103484,1,140,1
103536,1,30,1
103596,1,1477,0
103648,1,,2
103728,1,,2
103744,1,113,1
103744,1,61,1
103748,1,,2
103752,1,56,0
103776,1,351,1
103776,1,29,1
103824,1,155,1
103968,1,,2
103992,1,1133,1
103996,1,837,0
104000,1,821,1
104016,10,,2
104016,10,,2
104016,1,41,1
104032,1,,2
104068,1,38,1
104120,1,,2
104160,1,,2
104208,1,228,1
104224,1,,2
104320,1,26,1
104356,1,,2
104356,1,,2
104356,1,137,1
104356,1,59,1
104364,10,259,1
104364,14,177,0
104412,1,138,1
104444,1,38,1
104452,1,667,1
104464,1,45,0
104508,1,,2
104516,1,,2
104516,1,,2
104516,1,,2
104516,1,71,1
104564,1,41,1
104568,1,87,1
104568,1,75,1
104568,1,64,1
104572,1,86,1
104572,2,85,1
104620,1,39,0
104672,1,40,0
104692,1,,2
104736,1,39,1
104872,1,542,1
104876,1,,2
104880,1,,2
104920,1,509,0
104944,15,502,1
104956,1,42,1
104964,1,41,1
105000,1,,2
105008,1,316,1
105012,1,,2
105016,1,40,1
105016,36,289,0
105020,1,478,1
105024,2,414,0
105032,2,393,1
105036,30,,2
105044,36,322,1
105080,1,27,1
105108,1,,2
105128,1,2822,1
105132,1,2484,1
105252,1,262,0
105260,10,,2
105260,5,253,0
105268,1,30,1
105272,1,30,0
105284,1,35,1
105288,1,37,1
105296,1,,2
105304,1,,2
105304,1,52,1
105304,1,150,0
105304,1,37,0
105312,1,34,0
105324,1,,2
105332,1,32,1
105352,1,36,1
105360,1,39,0
105388,1,28,0
105400,1,,2
105400,1,1329,1
105400,1,53,1
105400,1,209,0
105404,1,34,1
105404,1,27,1
105416,1,41,1
105416,1,35,0
105424,1,,2
105472,1,,2
105500,1,,2
105500,1,176,1
105608,1,399,1
105608,1,62,1
105608,1,34,1
105616,1,33,1
105644,1,,2
105648,1,,2
105648,1,,2
105648,1,72,1
105648,1,144,0
105648,1,81,0
105648,1,52,0
105648,1,36,0
105656,10,,2
105656,2,114,0
105704,1,,2
105704,1,48,0
105712,1,127,1
105716,1,173,1
105724,1,94,1
105724,1,35,1
105804,1,1213,0
105900,1,,2
105924,1,,2
106024,1,43,1
106032,1,1003,0
106052,1,225,1
106060,1,224,1
106100,10,,2
106128,1,676,1
106188,1,,2
106204,1,48,1
106204,1,34,1
106224,1,37,0
106256,1,,2
106256,1,43,1
106304,21,219,1
106352,1,,2
106352,1,,2
106352,1,122,1
106352,1,122,0
106416,1,,2
106452,1,109,1
106500,10,,2
106536,1,29,1
106552,1,,2
106560,1,353,1
106600,1,,2
106792,1,33,1
106796,1,265,1
106800,1,32,1
106844,1,339,0
106844,1,36,0
106892,1,47,0
106948,1,298,0
106948,1,49,0
106956,9,247,1
107000,1,,2
107000,10,,2
107000,1,261,0
107016,1,35,1
107016,1,149,0
107024,10,,2
107036,2,112,1
107044,1,38,1
107052,40,,2
107088,1,,2
107100,1,100,1
107104,1,99,0
107104,6,96,0
107112,1,,2
107160,1,963,0
107296,1,,2
107296,1,194,1
107364,1,29,1
107392,1,58,0
107452,1,,2
107500,1,,2
107500,1,45,1
107508,1,,2
107520,1,152,1
107524,1,,2
107524,1,,2
107528,1,68,0
107556,1,,2
107556,1,125,0
107632,1,,2
107640,29,136,1
107656,1,86,1
107660,1,85,0
107672,1,,2
107680,1,33,1
107688,10,,2
107704,1,27,0
107784,1,,2
107800,1,56,0
108000,1,34,0
108008,1,32,1
108048,1,,2
108088,1,41,0
108144,1,,2
108144,1,627,1
108144,1,281,1
108144,1,36,1
108144,1,78,0
108192,1,,2
108200,20,,2
108200,1,153,1
108224,1,51,0
108252,1,,2
108252,1,256,1
108252,1,156,1
108252,1,106,1
108252,1,41,1
108252,1,39,1
108256,11,221,1
108256,14,112,1
108304,1,,2
108304,1,,2
108304,1,1441,1
108304,1,1438,1
108304,1,1193,1
108304,1,938,1
108304,1,1568,0
108304,1,976,0
108304,1,109,0
108308,30,,2
108308,15,807,1
108308,1,109,0
108324,1,34,0
108352,1,1145,1
108352,1,213,0
108352,8,89,0
108360,10,,2
108360,30,,2
108360,20,,2
108392,1,40,0
108408,1,,2
108408,1,,2
108408,1,345,1
108408,1,326,1
108408,1,286,0
108512,1,39,0
108560,1,,2
108560,1,404,1
108560,1,330,1
108608,1,,2
108608,5,384,1
108608,1,380,1
108608,1,308,1
108608,1,301,1
108608,1,236,0
108616,5,320,1
108616,1,299,1
108616,2,233,1
108620,1,,2
108656,6,294,1
108712,1,,2
108720,40,,2
108720,1,40,1
108760,1,110,1
108760,1,86,0
108768,31,82,0
108804,1,,2
108808,1,31,1
108856,1,,2
108892,1,,2
108964,1,221,1
108976,1,36,1
109012,1,,2
109012,2,207,1
109012,13,115,0
109012,1,99,0
109124,1,33,1
109152,1,68,1
109216,1,29,1
109260,1,51,1
109300,1,45,0
109312,1,84,0
109320,2,82,1
109320,5,81,1
109328,1,31,1
109360,1,195,1
109372,1,34,1
109376,1,37,0
109384,1,36,1
109392,1,33,0
109396,1,,2
109404,1,39,1
109408,1,,2
109424,1,37,0
109428,1,,2
109444,1,,2
109456,1,34,1
109472,1,26,0
109488,1,,2
109492,1,36,0
109496,1,33,0
109508,1,,2
109508,1,,2
109508,1,,2
109508,1,92,1
109512,2,,2
109512,1,66,1
109516,1,,2
109516,1,37,1
109516,1,31,0
109520,1,68,1
109524,1,47,1
109528,1,37,1
109536,1,776,1
109536,1,590,1
109540,1,32,1
109556,7,116,1
109560,1,30,1
109656,1,1914,0
109676,1,34,1
109760,1,,2
109760,1,112,1
109900,1,,2
109924,1,42,0
110000,1,34,0
110044,1,104,1
110052,2,99,1
110052,9,97,1
110140,1,45,1
110152,1,,2
110284,1,35,1
110328,1,1715,0
110432,1,76,1
110432,1,483,0
110432,1,28,0
110476,1,36,1
110476,1,61,0
110476,1,39,0
110496,1,316,1
110512,1,30,1
110516,1,28,0
110524,1,,2
110524,1,861,1
110524,1,345,1
110524,1,43,1
110596,1,39,0
110616,1,127,1
110628,1,,2
110716,1,396,0
110880,1,36,1
110896,1,,2
110908,1,,2
110908,1,,2
110908,16,3487,1
110908,1,272,1
110964,1,233,1
110964,1,35,1
110964,1,34,1
110964,48,1602,0
111028,1,1164,1
111108,1,,2
111108,1,799,1
111108,1,228,1
111160,39,210,1
111200,1,25,0
111280,1,84,1
111288,1,81,1
111396,1,56,0
111400,1,,2
111400,1,71,1
111400,1,98,0
111404,1,54,0
111464,1,,2
111472,1,88,1
111520,1,96,0
111524,1,89,1
111544,1,38,0
111592,1,43,1
111628,1,49,1
111632,1,678,1
111660,1,,2
111660,1,110,1
111660,1,260,0
111660,1,57,0
111684,1,228,1
111712,15,211,1
111720,1,93,1
111772,1,,2
111772,1,203,1
111792,4,215,0
111796,1,48,0
111824,1,41,1
111860,1,,2
111992,1,108,1
112012,1,43,1
112020,1,335,1
112020,1,318,1
112068,1,,2
112120,1,,2
112120,1,291,1
112120,1,124,1
112204,1,34,0
112288,1,,2
112360,1,520,1
112412,1,91,1
112416,17,89,0
112528,1,85,1
112532,17,82,1
112548,1,41,1
112624,1,425,0
112672,1,1509,1
112672,1,366,1
112684,4,360,0
112772,1,28,1
112804,1,55,1
112804,1,684,0
112820,1,41,1
112820,1,480,0
112820,1,93,0
112820,1,52,0
112840,1,33,0
112872,1,,2
112872,1,53,1
112952,1,45,1
112968,1,,2
113100,1,,2
113112,1,156,0
113156,1,36,0
113164,1,375,1
113172,8,114,1
113224,1,139,1
113240,6,148,1
113240,2,148,1
113316,1,,2
113316,1,152,1
113320,1,115,1
113320,1,38,1
113320,1,98,0
113368,1,50,1
113424,1,30,1
113544,1,38,1
113552,1,48,1
113712,1,33,1
113764,1,,2
113788,1,,2
114016,1,,2
114020,1,27,1
114044,1,901,1
114092,1,90,0
114156,1,,2
114172,1,43,1
114212,1,,2
114224,4,154,1
114296,1,828,1
114316,1,132,1
114324,1,31,0
114420,1,44,0
114460,1,36,1
114520,1,,2
114520,1,61,1
114520,1,138,0
114616,1,,2
114616,1,89,1
114732,1,,2
114768,1,56,1
114816,1,208,1
114824,30,204,1
114888,1,,2
114896,2,184,1
114916,1,32,1
115124,1,37,1
115208,1,,2
115240,1,61,0
115244,1,,2
115244,1,44,1
115296,1,44,1
115296,1,97,0
115296,1,44,0
115316,1,412,0
115320,1,2625,1
115348,1,,2
115348,1,941,0
115388,1,36,1
115396,1,30,1
115440,1,118,1
115452,1,,2
115452,1,217,0
115464,1,77,0
115468,1,104,0
115500,1,37,1
115508,1,148,1
115508,41,201,0
115508,1,41,0
115680,1,2522,0
115684,1,140,1
115704,1,,2
115704,8,134,1
115708,8,2507,1
115716,36,252,1
115728,1,37,1
115736,1,450,0
115744,1,47,1
115824,1,39,1
115912,1,176,0
115920,25,153,1
115936,1,202,1
116096,1,25,1
116204,1,,2
116204,1,296,1
116204,1,1020,0
116204,1,73,0
116208,1,,2
116268,1,,2
116268,1,42,1
116268,1,466,0
116268,1,290,0
116312,1,84,0
116324,1,,2
116344,1,39,0
116364,1,1689,0
116368,23,1674,1
116392,1,41,0
116416,15,345,1
116424,1,39,1
116436,1,41,1
116472,1,,2
116472,1,,2
116472,1,396,0
116524,30,,2
116564,1,135,1
116644,1,,2
116684,1,85,1
116704,8,76,0
116720,5,59,0
116724,1,32,1
116764,1,1295,0
116836,1,548,0
116848,43,378,0
116860,1,208,1
116864,20,,2
116864,1,,2
116912,1,550,0
116916,20,,2
116916,1,417,1
116968,1,,2
116968,1,,2
116968,1,761,1
116972,1,537,0
117068,1,33,0
117096,1,,2
117160,1,,2
117220,1,426,1
117220,1,44,1
117224,6,420,1
117224,13,324,1
117300,1,37,1
117316,1,2510,1
117324,2,2509,1
117340,1,37,1
117360,26,2489,1
117392,1,562,0
117412,1,776,1
117412,1,255,0
117416,3,239,1
117484,1,161,0
117520,1,2332,0
117568,40,2237,0
117616,1,,2
117616,1,33,0
117620,1,,2
117620,1,249,1
117644,1,,2
117668,1,224,0
117724,1,,2
117724,1,,2
117724,31,568,1
117724,18,208,1
117736,15,321,1
117772,1,46,1
117916,1,38,1
117928,1,41,0
117956,1,428,1
118080,1,33,0
118100,1,,2
118100,1,174,1
118104,1,,2
118104,1,,2
118112,1,,2
118112,1,48,1
118208,1,35,1
118232,1,73,1
118240,1,69,1
118252,1,65,1
118312,1,2272,1
118320,8,2018,1
118344,1,25,1
118412,1,52,1
118572,1,25,1
118616,1,238,1
118736,1,307,0
118748,40,,2
118752,1,28,0
118832,1,,2
118836,1,48,1
118852,1,124,1
118852,1,69,1
118852,1,56,1
118852,1,44,0
118900,1,1676,1
118932,1,39,0
118960,1,1430,0
118968,4,1422,1
118968,4,452,1
118976,1,,2
119004,1,35,0
119052,1,,2
119248,1,,2
119248,1,252,1
119272,1,332,0
119276,1,,2
119280,1,344,1
119296,1,35,0
119312,1,32,0
119344,1,,2
119344,1,119,0
119416,1,,2
119416,1,299,1
119416,1,280,1
119424,1,,2
119424,1,,2
119424,2,277,0
119428,34,283,1
119432,27,267,1
119440,30,,2
119440,17,3351,0
119536,1,153,0
119548,1,,2
119680,1,276,0
119680,1,40,0
119984,1,,2
119992,1,266,1
120004,37,201,0
120032,1,,2
120040,1,,2
120040,1,,2
120040,1,107,1
120040,1,73,0
120052,1,,2
120072,1,,2
120112,1,404,1
120120,1,,2
120120,1,,2
120120,1,37,0
120148,1,,2
120156,1,41,1
120248,1,189,1
120260,1,163,1
120268,24,152,1
120284,1,,2
120284,1,37,0
120540,1,,2
120544,1,53,0
120784,1,28,1
120928,1,,2
120928,1,,2
120928,1,2959,1
120928,1,2095,0
120940,1,37,1
121000,1,,2
121028,1,113,1
121076,1,1061,1
121084,1,,2
121100,1,44,1
121124,46,592,1
121192,1,36,0
121232,1,211,1
121240,1,26,1
121256,1,25,0
121308,1,35,0
121328,1,2842,0
121336,42,2824,1
121380,1,2899,1
121380,1,1967,1
121388,47,2813,1
121408,1,139,1
121416,1,42,1
121460,1,,2
121476,1,,2
121648,1,27,0
121768,1,217,0
121900,1,38,0
121968,1,87,1
121972,1,,2
121972,1,167,0
121976,1,58,1
122020,1,197,1
122020,1,141,1
122208,1,33,1
122264,1,35,1
122272,1,66,1
122424,1,33,0
122460,1,59,0
122472,1,,2
122472,1,35,1
122508,1,,2
122508,1,41,1
122508,1,47,0
122540,1,563,1
122560,1,253,1
122560,1,118,1
122560,1,45,1
122568,33,239,0
122584,1,35,1
122688,1,49,1
122712,1,245,1
122716,15,243,1
122860,1,39,0
122948,1,46,1
122948,1,888,0
122964,10,,2
122964,30,,2
123048,1,1134,0
123056,10,,2
123096,31,803,1
123120,1,31,1
123144,24,3333,1
123196,1,24,0
123384,1,35,1
123412,1,34,1
123604,1,42,1
123608,1,199,1
123624,1,52,0
123736,1,41,0
123760,1,33,1
123780,1,,2
123780,1,34,0
123868,1,,2
123872,1,86,1
123872,1,74,0
123876,1,194,0
123880,1,58,1
123964,1,34,0
124164,1,,2
124188,1,38,1
124224,1,50,0
124380,1,36,1
124520,1,30,1
124592,1,,2
124756,1,35,0
124760,1,,2
124800,1,,2
124832,1,62,0
124844,1,39,0
124848,1,513,0
124872,1,,2
124872,1,42,1
124872,1,47,0
124904,1,,2
124920,1,45,1
124968,1,,2
125080,1,42,1
125080,1,514,0
125116,1,27,0
125252,1,34,1
125272,1,74,1
125320,1,177,1
125320,1,46,1
125348,1,30,1
125364,1,29,0
125416,1,202,1
125568,1,1023,1
125684,1,41,1
125784,1,58,1
125788,1,,2
125788,1,,2
125788,1,122,1
125792,1,58,1
125900,1,81,1
125920,1,,2
125988,1,37,0
126036,1,,2
126056,1,,2
126064,1,,2
126088,1,,2
126088,1,59,1
126088,1,37,1
126088,1,42,0
126128,1,38,1
126236,1,1745,0
126240,1,128,1
126244,1,33,1
126332,1,,2
126332,1,237,0
126368,1,78,0
126472,1,36,0
126572,1,54,0
126660,1,35,1
126716,1,103,1
126736,1,30,1
126736,1,31,0
126868,1,95,1
126868,1,1572,0
126868,1,300,0
127060,1,329,1
127064,1,39,0
127092,1,128,0
127252,1,,2
127252,1,,2
127252,1,150,1
127252,1,40,0
127272,1,76,1
127276,1,,2
127276,1,,2
127304,1,81,1
127304,1,61,1
127312,1,,2
127332,1,59,0
127400,1,71,0
127408,1,,2
127548,1,51,1
127576,1,174,0
127636,1,,2
127740,1,,2
127760,1,222,1
127776,1,178,1
127776,1,174,0
127776,1,152,0
127792,1,121,1
127796,1,,2
127840,1,328,1
127908,1,215,1
127924,28,190,1
127924,1,50,1
128008,1,27,1
128080,1,228,1
128096,7,239,1
128096,13,123,1
128128,1,33,0
128144,1,,2
128232,1,807,0
128268,1,161,1
128288,1,,2
128288,1,340,1
128288,1,123,1
128288,1,75,0
128320,1,35,1
128336,1,,2
128396,1,332,0
128424,1,41,0
128432,1,179,1
128552,1,,2
128588,1,234,1
128588,1,32,1
128588,1,55,0
128592,11,232,1
128732,1,42,1
128848,1,,2
128880,1,119,1
128904,1,,2
128944,1,322,1
128944,1,79,1
128944,1,51,1
128976,1,45,1
129044,10,,2
129044,9,217,1
129096,1,167,0
129108,1,42,0
129192,1,210,1
129240,1,,2
129304,1,28,1
129324,1,,2
129380,1,132,1
129380,1,132,1
129380,1,120,1
129380,1,47,0
129392,10,,2
129392,1,,2
129508,1,,2
129512,1,,2
129520,1,42,0
129572,1,,2
129576,1,,2
129672,1,47,0
129680,1,,2
129684,1,32,0
129724,1,45,1
129724,1,103,0
129736,1,92,1
129780,1,38,1
129820,1,394,0
129824,1,,2
129824,1,1790,1
129824,1,147,0
129876,1,150,1
129876,1,55,1
129892,1,630,1
129900,1,,2
129924,1,315,1
129952,1,,2
129972,1,109,1
129972,1,140,0
129976,1,109,1
130020,1,272,0
130020,1,29,0
130076,10,,2
130076,10,,2
130224,1,49,1
130224,1,40,0
130272,1,195,1
130312,1,29,0
130420,1,144,1
130428,2,142,1
130428,7,92,1
130444,1,33,0
130520,1,,2
130528,41,280,1
130576,1,,2
130576,1,663,1
130576,1,83,1
130576,1,71,1
130576,1,62,1
130580,1,,2
130628,1,181,1
130628,1,147,1
130628,1,139,1
130628,1,131,1
130628,1,49,1
130628,1,90,0
130684,1,,2
130736,1,252,1
130736,1,784,0
130736,1,471,0
130788,1,32,1
130824,1,40,1
130836,1,29,1
130884,1,,2
130884,1,415,0
130892,2,414,1
130892,1,414,1
130896,1,30,0
130936,1,716,1
130940,40,,2
130952,1,35,1
130960,1,39,0
130980,1,31,1
130984,1,,2
131036,1,48,0
131060,1,36,1
131184,1,231,1
131184,1,324,0
131184,1,220,0
131188,19,228,0
131312,1,,2
131372,1,,2
131372,1,276,1
131372,1,226,0
131372,1,152,0
131380,10,199,1
131380,2,148,1
131380,14,133,1
131380,7,103,1
131408,1,33,0
131472,1,237,1
131476,10,,2
131520,14,113,1
131624,1,396,1
131624,1,136,1
131624,1,108,1
131644,1,73,1
131756,1,318,1
131828,1,734,0
131856,1,27,1
131976,1,,2
131984,37,258,0
131992,1,67,0
132008,1,,2
132012,1,32,1
132024,30,,2
132024,1,54,1
132024,1,32,1
132084,1,44,1
132084,1,263,0
132092,7,249,1
132092,8,257,0
132116,1,50,1
132132,1,,2
132132,1,,2
132132,1,,2
132244,1,38,1
132280,1,38,1
132332,1,29,1
132360,1,40,0
132376,1,141,1
132376,1,30,0
132412,1,57,0
132432,1,,2
132480,1,,2
132480,1,,2
132536,1,,2
132540,1,162,0
132544,1,,2
132548,1,63,1
132576,1,37,1
132576,1,28,1
132628,1,,2
132628,1,,2
132628,1,91,1
132632,3,90,0
132676,1,296,0
132768,1,1333,0
132772,1,930,0
132776,1,902,1
132776,1,41,1
132828,1,242,1
132828,1,59,0
132832,4,233,1
132832,13,131,1
132984,1,134,1
133016,1,419,1
133020,1,168,1
133020,1,109,1
133020,1,132,0
133020,1,54,0
133080,1,,2
133080,1,366,1
133088,1,29,1
133128,1,584,1
133128,1,84,1
133180,10,,2
133180,1,,2
133180,1,98,1
133184,1,30,0
133192,1,76,1
133204,1,,2
133204,1,44,1
133228,1,,2
133228,1,468,1
133228,1,87,1
133228,1,470,0
133228,1,88,0
133228,1,62,0
133228,1,44,0
133232,1,358,1
133276,1,76,0
133332,1,,2
133344,1,,2
133380,1,35,1
133428,1,255,1
133432,34,245,0
133456,1,40,1
133576,1,255,0
133584,19,251,1
133628,1,,2
133636,2,87,1
133672,1,,2
133676,1,322,1
133676,1,345,0
133680,1,,2
133716,2,188,0
133732,1,33,0
133768,1,,2
133832,1,269,1
133836,10,,2
133836,8,229,0
133856,1,316,1
133860,1,,2
133860,1,288,1
133868,2,303,1
133872,30,,2
133872,30,,2
133872,2,272,0
133880,1,,2
133880,33,267,1
133912,1,37,0
133956,1,550,1
133980,1,161,1
133980,1,98,1
133980,1,44,0
134028,1,137,1
134028,1,107,1
134028,4,83,1
134028,1,86,0
134172,1,,2
134292,1,37,1
134320,1,33,1
134328,1,240,1
134376,7,227,1
134424,1,38,1
134448,1,29,1
134456,1,,2
134456,1,69,0
134460,1,74,1
134460,1,71,1
134472,1,52,0
134472,1,38,0
134520,1,464,1
134520,1,57,1
134524,1,175,1
134524,1,38,1
134536,1,45,1
134568,1,38,1
134632,1,132,1
134632,1,224,0
134640,1,131,0
134684,1,40,0
134728,1,122,0
134744,1,35,0
134920,1,125,1
134928,30,,2
134928,3,107,1
134972,1,153,1
134972,1,36,0
135064,1,116,0
135104,1,39,1
135116,1,,2
135116,9,92,1
135172,1,40,0
135224,1,94,1
135232,3,89,1
135280,1,223,0
135288,1,36,1
135360,1,343,0
135420,1,36,1
135432,1,282,0
135432,1,69,0
135480,6,269,0
135584,1,,2
135592,1,,2
135592,1,35,1
135636,1,87,1
135636,1,309,0
135640,2,81,1
135640,1,35,0
135688,1,113,1
135688,1,27,1
135736,1,,2
135740,12,218,1
135744,1,39,1
135772,1,191,1
135776,20,181,0
135864,1,39,0
135972,1,29,0
136024,1,,2
136032,5,186,1
136084,1,265,1
136116,1,26,1
136120,1,86,1
136132,46,240,1
136132,1,145,0
136272,1,36,1
136276,1,211,0
136336,1,95,0
136336,1,69,0
136340,1,,2
136344,1,72,1
136380,1,204,1
136504,1,36,1
136628,1,55,0
136648,1,36,0
136816,1,37,1
136832,1,,2
136832,1,48,1
136832,1,35,1
136832,1,695,0
136872,1,74,0
136872,1,43,0
136940,1,44,1
136968,1,230,1
136968,1,227,1
136968,1,64,1
136968,1,59,1
136968,1,42,0
137016,1,,2
137036,1,35,1
137084,1,40,0
137160,1,756,0
137208,12,700,1
137208,31,522,1
137244,1,33,1
137304,1,339,1
137352,1,46,1
137400,1,362,1
137400,1,94,1
137400,1,28,1
137408,1,,2
137408,1,93,1
137452,1,352,0
137452,4,339,0
137500,1,,2
137500,5,338,1
137500,1,446,0
137508,5,429,1
137508,2,279,0
137552,1,287,0
137568,6,277,1
137604,1,30,1
137648,1,358,1
137664,10,,2
137844,1,36,1
137932,1,38,0
137940,1,366,0
137992,1,312,1
138000,10,,2
138028,1,33,0
138036,1,41,1
138088,1,40,0
138140,1,141,0
138168,1,38,1
138172,1,36,0
138244,1,264,1
138248,41,225,0
138256,1,,2
138272,1,71,1
138276,1,82,0
138280,1,58,0
138284,1,41,1
138284,1,64,0
138568,1,34,0
138728,1,,2
138776,1,138,1
138880,1,328,1
138888,1,,2
138900,1,34,0
138928,14,120,1
138956,1,29,1
138960,1,36,0
138968,1,339,0
139128,1,,2
139192,1,54,1
139192,1,222,0
139200,1,32,1
139228,1,,2
139228,1,,2
139228,1,48,1
139228,1,44,0
139292,1,36,0
139328,1,83,1
139360,1,35,1
139404,1,,2
139412,1,36,1
139500,1,,2
139580,1,116,0
139712,1,25,0
139724,1,35,0
139768,1,44,0
139964,1,36,1
140128,1,32,1